,category,concept_eng,concept,n_concept,n_concept_list,list,exemplar,count,avg_rank_order,dominance,min_rank,max_rank,first_occur,availability_montefinese,availability,outliers,classif,n_exemplars,llama3.1,llama3.2,mistral,llava,idefics2,nemo
17,ANIMALS,dog,CANE,23,13,6,CANE_labrador,19,4.578947368421052,0.59375,1,13,0.15625,0.4065693589775465,0.3531646871011183,False,many_exemplars,31,6.3509907722473145,6.276226997375488,8.285237312316895,6.82831335067749,5.101452827453613,8.016812324523926
24,ANIMALS,dog,CANE,23,13,6,CANE_pastore tedesco,16,5.3125,0.5,1,16,0.0625,0.3088988789084606,0.3088988789084606,False,many_exemplars,31,6.29189920425415,6.5371599197387695,8.12015151977539,6.785760402679443,5.297752380371094,7.4934539794921875
2,ANIMALS,dog,CANE,23,13,6,CANE_bassotto,15,6.266666666666667,0.46875,1,15,0.125,0.2474929836798518,0.2474929836798518,False,many_exemplars,31,6.146124362945557,6.400043487548828,8.698683738708496,7.18232536315918,5.526397705078125,8.29458999633789
7,ANIMALS,dog,CANE,23,13,6,CANE_chihuahua,19,8.210526315789474,0.59375,2,16,0.0,0.2692859961839361,0.2363875892009653,False,many_exemplars,31,5.952845573425293,6.0732927322387695,7.276520729064941,6.178752899169922,4.234528541564941,7.237739086151123
14,ANIMALS,dog,CANE,23,13,6,CANE_golden retriever,15,6.666666666666667,0.46875,1,14,0.03125,0.2204943469336876,0.2108117962460217,False,many_exemplars,31,5.984911918640137,6.052286148071289,7.301029682159424,6.397013187408447,4.40740442276001,7.9012532234191895
4,ANIMALS,dog,CANE,23,13,6,CANE_bulldog,11,7.909090909090909,0.34375,1,22,0.03125,0.1275920648865639,0.1908237205948926,False,many_exemplars,31,5.923830032348633,6.08878755569458,8.305793762207031,6.904209136962891,4.7882866859436035,7.3856587409973145
13,ANIMALS,dog,CANE,23,13,6,CANE_dobermann,11,5.090909090909091,0.34375,1,11,0.125,0.1887100252460539,0.1887100252460539,False,many_exemplars,31,6.299845218658447,6.486752033233643,8.528372764587402,7.2692975997924805,5.280361175537109,8.229724884033203
15,ANIMALS,dog,CANE,23,13,6,CANE_husky,13,7.384615384615385,0.40625,1,15,0.03125,0.1655104635749545,0.1818559492072669,False,many_exemplars,31,6.188143253326416,6.274653434753418,8.567174911499023,7.083033561706543,5.285576343536377,7.789581298828125
5,ANIMALS,dog,CANE,23,13,6,CANE_carlino,9,7.444444444444445,0.28125,1,19,0.03125,0.1107659788588244,0.1574892816750565,False,many_exemplars,31,6.571374416351318,6.672422885894775,9.709516525268555,7.5908403396606445,5.969858169555664,9.29689884185791
1,ANIMALS,dog,CANE,23,13,6,CANE_barboncino,11,6.909090909090909,0.34375,2,14,0.0,0.1220493357629337,0.1482289105257132,False,many_exemplars,31,6.13393497467041,6.2964253425598145,8.467432975769043,6.86212158203125,5.579309463500977,7.3914361000061035
26,ANIMALS,dog,CANE,23,13,6,CANE_pitbull,12,7.916666666666667,0.375,3,15,0.0,0.1110412039645276,0.1395016600919989,False,many_exemplars,31,6.100732803344727,6.2562689781188965,7.650954246520996,6.518338203430176,4.403185844421387,8.219165802001953
23,ANIMALS,dog,CANE,23,13,6,CANE_pastore maremmano,8,7.375,0.25,2,17,0.0,0.06321814464739477,0.1196119762136552,False,many_exemplars,31,6.012341499328613,6.213187217712402,7.512137413024902,6.001387596130371,4.604015350341797,7.816737174987793
27,ANIMALS,dog,CANE,23,13,6,CANE_rottweiler,7,9.142857142857142,0.21875,1,21,0.03125,0.04562697723990274,0.1047357192545323,False,many_exemplars,31,6.000805377960205,6.096344470977783,7.8577752113342285,6.394052505493164,4.5586066246032715,8.188178062438965
9,ANIMALS,dog,CANE,23,13,6,CANE_da caccia,5,6.2,0.15625,2,19,0.0,0.05451758558482569,0.1021338826681019,False,many_exemplars,31,6.268951416015625,6.419452667236328,8.622445106506348,6.85321569442749,5.414271831512451,9.359841346740723
25,ANIMALS,dog,CANE,23,13,6,CANE_pinscher,7,9.428571428571429,0.21875,2,22,0.0,0.03147876226202411,0.1012213961829058,False,many_exemplars,31,6.096377849578857,6.181019306182861,8.137337684631348,6.826633453369141,5.137596607208252,8.07875919342041
22,ANIMALS,dog,CANE,23,13,6,CANE_meticcio,6,6.166666666666667,0.1875,1,12,0.03125,0.05095641446494557,0.08279061676204963,False,many_exemplars,31,6.542885780334473,6.628064155578613,8.964964866638184,7.310622692108154,5.5406365394592285,8.94955062866211
3,ANIMALS,dog,CANE,23,13,6,CANE_beagle,6,8.833333333333334,0.1875,1,17,0.03125,0.03883356538664694,0.07929633479464304,False,many_exemplars,31,6.320642948150635,6.420126438140869,8.553143501281738,7.157705783843994,5.164935111999512,8.89849853515625
12,ANIMALS,dog,CANE,23,13,6,CANE_di taglia piccola,5,8.6,0.15625,2,19,0.0,0.02873906409094277,0.07916896662028212,False,many_exemplars,31,6.5067877769470215,6.516496658325195,9.201493263244629,7.399515151977539,5.816473007202148,8.380841255187988
0,ANIMALS,dog,CANE,23,13,6,CANE_alano,7,10.42857142857143,0.21875,6,20,0.0,0.0137962554489417,0.07913555511863316,False,many_exemplars,31,6.339381217956543,6.728476047515869,9.627557754516602,7.399587154388428,5.81465482711792,9.598016738891602
29,ANIMALS,dog,CANE,23,13,6,CANE_volpino,4,7.0,0.125,2,18,0.0,0.02271726375653061,0.07245973333982007,False,many_exemplars,31,6.181569576263428,6.2350640296936035,8.27131462097168,6.811931610107422,5.0716023445129395,8.20821475982666
28,ANIMALS,dog,CANE,23,13,6,CANE_san bernardo,6,10.66666666666667,0.1875,5,20,0.0,0.008246550576476276,0.06693476440562747,False,many_exemplars,31,6.445077896118164,6.399031639099121,8.606513023376465,7.166277885437012,5.532222270965576,9.206684112548828
8,ANIMALS,dog,CANE,23,13,6,CANE_corgi,5,8.4,0.15625,2,16,0.0,0.01945454141526241,0.06224241194232895,False,many_exemplars,31,6.105601787567139,6.199410438537598,7.918616771697998,6.803137302398682,4.816258907318115,7.928004741668701
6,ANIMALS,dog,CANE,23,13,6,CANE_cavalier king,4,10.5,0.125,3,20,0.0,0.01348877402224186,0.05727860423185495,False,many_exemplars,31,6.296325206756592,6.447447776794434,8.37049388885498,6.825228214263916,5.280582904815674,8.118294715881348
30,ANIMALS,dog,CANE,23,13,6,CANE_yorkshire,4,6.0,0.125,2,11,0.0,0.02142224845430031,0.05393636580650651,False,many_exemplars,31,6.420285701751709,6.605319023132324,8.81319522857666,7.368636608123779,5.779723167419434,9.5805082321167
20,ANIMALS,dog,CANE,23,13,6,CANE_maremmano,4,7.0,0.125,2,13,0.0,0.01612205877973399,0.05161904697892644,False,many_exemplars,31,6.115714073181152,6.64156436920166,7.437216281890869,6.144094467163086,4.638695240020752,8.34725284576416
11,ANIMALS,dog,CANE,23,13,6,CANE_di taglia grande,4,6.75,0.125,3,13,0.0,0.008879051366950108,0.05093547197355856,False,many_exemplars,31,6.713533878326416,6.688924312591553,9.474313735961914,7.657240867614746,5.97359037399292,9.072705268859863
10,ANIMALS,dog,CANE,23,13,6,CANE_dalmata,5,8.6,0.15625,5,14,0.0,0.006941593067595922,0.04831602555086855,False,many_exemplars,31,6.300038814544678,6.483251094818115,8.198042869567871,6.880094051361084,5.151612758636475,8.297157287597656
16,ANIMALS,dog,CANE,23,13,6,CANE_jack russell,5,12.8,0.15625,6,21,0.0,0.002045150859789518,0.04728124733145821,False,many_exemplars,31,6.46894645690918,6.552664756774902,8.773698806762695,7.43574333190918,5.575337886810303,9.359858512878418
21,ANIMALS,dog,CANE,23,13,6,CANE_mastino,4,9.5,0.125,3,17,0.0,0.007073118780666704,0.04718817899941904,False,many_exemplars,31,6.29784631729126,6.518924236297607,8.160185813903809,7.040802955627441,5.114792823791504,8.133855819702148
19,ANIMALS,dog,CANE,23,13,6,CANE_maltese,5,9.2,0.15625,5,15,0.0,0.004792805842911769,0.04693203005545292,False,many_exemplars,31,6.077254295349121,6.250925540924072,8.008757591247559,6.783813953399658,5.1710381507873535,8.222171783447266
18,ANIMALS,dog,CANE,23,13,6,CANE_levriero,5,10.8,0.15625,7,14,0.0,0.001341958940834697,0.0300913752967291,False,many_exemplars,31,6.153014659881592,6.281160354614258,8.248491287231445,7.007093906402588,5.484521389007568,7.630982875823975
43,BODY PARTS,hair,CAPELLO,25,12,2,CAPELLO_riccio,19,2.631578947368421,0.59375,1,9,0.25,0.4974950348259664,0.4257682323024839,False,many_exemplars,18,6.277758598327637,6.454346656799316,9.833341598510742,7.844545364379883,6.288820266723633,8.891500473022461
38,BODY PARTS,hair,CAPELLO,25,12,2,CAPELLO_liscio,20,3.3,0.625,1,10,0.125,0.4938877183261233,0.4080896219521995,False,many_exemplars,18,6.397442817687988,6.471685886383057,8.62739372253418,7.099944591522217,5.661900997161865,7.980812072753906
33,BODY PARTS,hair,CAPELLO,25,12,2,CAPELLO_biondo,15,4.333333333333333,0.46875,1,11,0.09375,0.2909318349600177,0.2489123896434411,False,many_exemplars,18,6.16616153717041,6.432005882263184,9.232414245605469,7.205953598022461,5.871269226074219,7.837438106536865
41,BODY PARTS,hair,CAPELLO,25,12,2,CAPELLO_mosso,10,4.7,0.3125,2,12,0.0,0.1513032678652041,0.1687594344314456,False,many_exemplars,18,6.546512603759766,6.56266975402832,9.716174125671387,7.980564594268799,6.348026752471924,8.820708274841309
44,BODY PARTS,hair,CAPELLO,25,12,2,CAPELLO_rosso,13,5.307692307692308,0.40625,3,10,0.0,0.1918649280008593,0.1536121870002291,False,many_exemplars,18,6.415970325469971,6.482146263122559,9.6069917678833,7.625598907470703,6.024539470672607,9.062795639038086
35,BODY PARTS,hair,CAPELLO,25,12,2,CAPELLO_castano,11,6.272727272727272,0.34375,2,13,0.0,0.1234186883718579,0.1430983315541602,False,many_exemplars,18,6.479598045349121,6.65182638168335,9.725900650024414,7.971070766448975,6.458800792694092,9.44193172454834
36,BODY PARTS,hair,CAPELLO,25,12,2,CAPELLO_corto,6,5.0,0.1875,1,13,0.0625,0.08746375329785816,0.1133127875817133,False,many_exemplars,18,6.277286529541016,6.4785475730896,9.585846900939941,7.456080436706543,6.020717144012451,8.638616561889648
39,BODY PARTS,hair,CAPELLO,25,12,2,CAPELLO_lungo,6,5.5,0.1875,1,14,0.03125,0.06411581774174376,0.1042667549243379,False,many_exemplars,18,6.293231964111328,6.402899742126465,8.528338432312012,7.04779577255249,5.563275337219238,8.934439659118652
37,BODY PARTS,hair,CAPELLO,25,12,2,CAPELLO_grasso,6,4.0,0.1875,1,8,0.0625,0.08974238722541211,0.1002207360689225,False,many_exemplars,18,6.453323841094971,6.672929763793945,9.689435005187988,7.6551432609558105,6.256234169006348,8.88241958618164
46,BODY PARTS,hair,CAPELLO,25,12,2,CAPELLO_sottile,7,6.0,0.21875,2,11,0.0,0.06335311355045839,0.09199809419118764,False,many_exemplars,18,6.34716796875,6.46380615234375,9.286832809448242,7.4326629638671875,5.633873462677002,8.33280086517334
45,BODY PARTS,hair,CAPELLO,25,12,2,CAPELLO_secco,6,6.0,0.1875,2,13,0.0,0.04849919068069201,0.08903923237859794,False,many_exemplars,18,6.521897315979004,6.723867416381836,8.63124942779541,7.157437324523926,5.750192165374756,8.865202903747559
31,BODY PARTS,hair,CAPELLO,25,12,2,CAPELLO_berretto,5,2.4,0.15625,1,4,0.0625,0.08785770595409391,0.07912153157875573,False,many_exemplars,18,6.18863582611084,6.280946731567383,8.850178718566895,7.523118495941162,5.602691650390625,8.275185585021973
47,BODY PARTS,hair,CAPELLO,25,12,2,CAPELLO_spesso,6,5.5,0.1875,1,10,0.03125,0.0532225112051929,0.07870698375180059,False,many_exemplars,18,6.43537712097168,6.691357135772705,9.563180923461914,7.962300777435303,6.583614826202393,9.241644859313965
42,BODY PARTS,hair,CAPELLO,25,12,2,CAPELLO_nero,8,5.875,0.25,2,8,0.0,0.0664137135985325,0.0664137135985325,False,many_exemplars,18,6.456557750701904,6.637747764587402,9.532252311706543,7.880741596221924,6.083869457244873,8.345712661743164
34,BODY PARTS,hair,CAPELLO,25,12,2,CAPELLO_bombetta,4,3.25,0.125,1,5,0.03125,0.04258281491699616,0.04984589577733611,False,many_exemplars,18,6.674719333648682,6.723848819732666,9.464868545532227,7.810179233551025,6.389373302459717,9.092975616455078
40,BODY PARTS,hair,CAPELLO,25,12,2,CAPELLO_moro,5,5.4,0.15625,2,8,0.0,0.02646572251921917,0.047689603245287,False,many_exemplars,18,6.4559173583984375,6.59396505355835,9.29666519165039,7.815927505493164,6.006627559661865,8.881277084350586
48,BODY PARTS,hair,CAPELLO,25,12,2,CAPELLO_tinto,6,5.5,0.1875,4,8,0.0,0.02887621202980153,0.04759981550238344,False,many_exemplars,18,6.644385814666748,6.587244510650635,9.969079971313477,7.8673415184021,6.4209160804748535,8.936505317687988
32,BODY PARTS,hair,CAPELLO,25,12,2,CAPELLO_bianco,5,7.6,0.15625,5,10,0.0,0.005418360791295404,0.03156750009491838,False,many_exemplars,18,6.266660690307617,6.417087554931641,8.58282470703125,6.912018775939941,5.518110752105713,8.143394470214844
56,CLOTHES,shoe,SCARPA,147,4,2,SCARPA_da ginnastica,19,2.0,0.59375,1,13,0.4375,0.5454934558428972,0.5325488723123026,False,many_exemplars,21,6.133752822875977,6.410605430603027,8.485649108886719,6.914646148681641,5.3844428062438965,7.431530952453613
53,CLOTHES,shoe,SCARPA,147,4,2,SCARPA_col tacco,22,4.045454545454546,0.6875,1,9,0.0625,0.5069868772240056,0.3426831071338104,False,many_exemplars,21,6.588429927825928,6.75885534286499,9.68367862701416,8.047322273254395,6.6765594482421875,9.139904975891113
66,CLOTHES,shoe,SCARPA,147,4,2,SCARPA_sneakers,13,2.384615384615385,0.40625,1,8,0.21875,0.3304866471638606,0.3001004947859133,False,many_exemplars,21,6.1656084060668945,6.167449951171875,8.57288932800293,7.011526584625244,5.002668857574463,7.786010265350342
68,CLOTHES,shoe,SCARPA,147,4,2,SCARPA_stivali,18,4.666666666666667,0.5625,2,8,0.0,0.3540625925287717,0.203458068703094,False,many_exemplars,21,6.004725456237793,6.130690097808838,8.484374046325684,6.867486476898193,5.014244079589844,8.600611686706543
59,CLOTHES,shoe,SCARPA,147,4,2,SCARPA_elegante,10,4.5,0.3125,1,15,0.03125,0.170498512567302,0.2024677758706981,False,many_exemplars,21,6.308785438537598,6.410435676574707,9.160670280456543,7.43341588973999,5.309896945953369,8.931458473205566
64,CLOTHES,shoe,SCARPA,147,4,2,SCARPA_sandali,13,6.0,0.40625,3,12,0.0,0.1761109857546035,0.1649227616367982,False,many_exemplars,21,6.3380913734436035,6.376766681671143,9.93117618560791,7.763993740081787,5.518620491027832,8.129976272583008
50,CLOTHES,shoe,SCARPA,147,4,2,SCARPA_ballerine,14,6.428571428571429,0.4375,1,11,0.03125,0.1908990125202369,0.1565060391925132,False,many_exemplars,21,6.1001152992248535,6.371138572692871,8.631070137023926,7.191730499267578,5.3317766189575195,8.017231941223145
54,CLOTHES,shoe,SCARPA,147,4,2,SCARPA_da calcio,10,7.4,0.3125,2,17,0.0,0.1029615317025688,0.1513964110107879,False,many_exemplars,21,6.220763683319092,6.392800331115723,8.939460754394531,7.553781032562256,6.000361442565918,8.434444427490234
62,CLOTHES,shoe,SCARPA,147,4,2,SCARPA_mocassino,10,5.1,0.3125,1,10,0.03125,0.145716211248816,0.145716211248816,False,many_exemplars,21,6.031404495239258,6.294119358062744,8.250457763671875,6.703813076019287,4.892451763153076,6.9237260818481445
63,CLOTHES,shoe,SCARPA,147,4,2,SCARPA_pantofole,8,5.625,0.25,2,12,0.0,0.08791126529999635,0.1173089385330232,False,many_exemplars,21,5.982316970825195,6.270328521728516,8.171826362609863,6.905832290649414,5.090601921081543,7.167407512664795
61,CLOTHES,shoe,SCARPA,147,4,2,SCARPA_infradito,9,6.888888888888889,0.28125,3,12,0.0,0.06563671415291863,0.09365761060232758,False,many_exemplars,21,6.128365516662598,6.3681135177612305,9.067320823669434,7.363528728485107,6.043008804321289,7.388118267059326
57,CLOTHES,shoe,SCARPA,147,4,2,SCARPA_da tennis,5,3.6,0.15625,1,9,0.03125,0.068938445103428,0.09299391087836552,False,many_exemplars,21,6.67655611038208,6.742786884307861,9.828314781188965,7.792243480682373,6.405669212341309,9.060423851013184
55,CLOTHES,shoe,SCARPA,147,4,2,SCARPA_da corsa,5,4.2,0.15625,2,9,0.0,0.04851116207688756,0.07749605048283677,False,many_exemplars,21,6.377798557281494,6.46518611907959,8.544808387756348,7.163267135620117,5.499763011932373,8.139472961425781
51,CLOTHES,shoe,SCARPA,147,4,2,SCARPA_bassa,4,5.75,0.125,1,10,0.03125,0.04583045597559402,0.06171886861890286,False,many_exemplars,21,6.301304817199707,6.580849647521973,9.705911636352539,7.703248023986816,5.950607776641846,8.790277481079102
49,CLOTHES,shoe,SCARPA,147,4,2,SCARPA_alta,5,5.6,0.15625,1,9,0.03125,0.04057923646828029,0.06060187360052582,False,many_exemplars,21,6.3953752517700195,6.397099494934082,9.479292869567871,7.4732561111450195,5.778743267059326,8.614272117614746
60,CLOTHES,shoe,SCARPA,147,4,2,SCARPA_espadrillas,5,9.0,0.15625,6,17,0.0,0.004835337204127916,0.0566788520287894,False,many_exemplars,21,6.110485553741455,6.186161518096924,9.167372703552246,7.688311576843262,5.351933002471924,8.053311347961426
69,CLOTHES,shoe,SCARPA,147,4,2,SCARPA_stringata,4,9.25,0.125,2,16,0.0,0.01461707105165927,0.0469671760921403,False,many_exemplars,21,6.489418029785156,6.621603965759277,9.625137329101562,7.901145935058594,6.077995777130127,9.0726900100708
58,CLOTHES,shoe,SCARPA,147,4,2,SCARPA_da trekking,4,5.25,0.125,1,8,0.03125,0.03274826288766694,0.04647225165386215,False,many_exemplars,21,6.484822750091553,6.664170742034912,9.054635047912598,7.590052127838135,5.781179904937744,8.493273735046387
67,CLOTHES,shoe,SCARPA,147,4,2,SCARPA_stivaletti,5,9.8,0.15625,4,14,0.0,0.00670863562950509,0.04138941744629317,False,many_exemplars,21,5.962199687957764,6.126351356506348,8.681036949157715,7.0992960929870605,5.186685085296631,7.973997116088867
65,CLOTHES,shoe,SCARPA,147,4,2,SCARPA_scarponi,5,8.4,0.15625,6,11,0.0,0.003946030432904143,0.03188473634200543,False,many_exemplars,21,6.052595615386963,6.277688026428223,8.999778747558594,7.539865970611572,5.4296040534973145,7.0935258865356445
52,CLOTHES,shoe,SCARPA,147,4,2,SCARPA_ciabatta,5,8.8,0.15625,6,11,0.0,0.003901689297328973,0.02999928149714853,False,many_exemplars,21,6.242431640625,6.301287651062012,8.720340728759766,7.748045921325684,5.5748090744018555,8.234284400939941
95,FOODS,pasta,PASTA,122,9,8,PASTA_spaghetti,23,3.565217391304348,0.71875,1,13,0.125,0.5679972243981783,0.4845883272282287,False,many_exemplars,31,6.203178405761719,6.395719051361084,7.279963970184326,6.347162246704102,4.250919818878174,7.867164611816406
77,FOODS,pasta,PASTA,122,9,8,PASTA_fusilli,16,5.9375,0.5,1,22,0.1875,0.306690939362897,0.3382583463092003,False,many_exemplars,31,5.997668743133545,6.26248836517334,7.437521934509277,6.337900161743164,4.219202518463135,7.560327529907227
74,FOODS,pasta,PASTA,122,9,8,PASTA_farfalle,17,6.705882352941177,0.53125,1,21,0.125,0.2949963322259679,0.3224721030800622,False,many_exemplars,31,6.220114707946777,6.309149742126465,7.998983860015869,6.715230941772461,4.7074103355407715,7.835766792297363
89,FOODS,pasta,PASTA,122,9,8,PASTA_penne,13,3.692307692307693,0.40625,1,12,0.03125,0.2683131857691416,0.260195598234262,False,many_exemplars,31,6.162960052490234,6.3081183433532715,8.237878799438477,7.017305374145508,4.861047267913818,8.545778274536133
72,FOODS,pasta,PASTA,122,9,8,PASTA_corta,9,3.666666666666667,0.28125,1,16,0.15625,0.2032629529692493,0.2216411709279664,False,many_exemplars,31,6.479882717132568,6.600338459014893,9.138395309448242,7.386852264404297,5.735001564025879,9.403135299682617
93,FOODS,pasta,PASTA,122,9,8,PASTA_rigatoni,13,5.615384615384615,0.40625,1,13,0.03125,0.2035574994792024,0.2035574994792024,False,many_exemplars,31,5.976956367492676,6.089713096618652,7.6079230308532715,6.547588348388672,4.237405776977539,7.215024948120117
81,FOODS,pasta,PASTA,122,9,8,PASTA_linguine,10,5.7,0.3125,2,15,0.0,0.1243049255684826,0.1649068944393274,False,many_exemplars,31,6.038796901702881,6.193034648895264,8.093650817871094,6.944492340087891,4.474399566650391,8.098437309265137
84,FOODS,pasta,PASTA,122,9,8,PASTA_maccheroni,9,9.11111111111111,0.28125,1,25,0.03125,0.08774298969551024,0.1584899030768509,False,many_exemplars,31,6.0550761222839355,6.2269086837768555,7.930165767669678,6.932837963104248,4.756945610046387,7.981930732727051
70,FOODS,pasta,PASTA,122,9,8,PASTA_all'uovo,9,9.22222222222222,0.28125,3,23,0.0,0.06756907170311949,0.1433188167944935,False,many_exemplars,31,6.33650541305542,6.483393669128418,8.24665641784668,7.113654136657715,5.280649662017822,9.177568435668945
83,FOODS,pasta,PASTA,122,9,8,PASTA_lunga,7,4.857142857142857,0.21875,1,15,0.03125,0.1073249509286745,0.1429147756466528,False,many_exemplars,31,6.418647766113281,6.597593784332275,8.64706802368164,7.195858955383301,5.099708557128906,8.991503715515137
71,FOODS,pasta,PASTA,122,9,8,PASTA_bucatini,8,9.25,0.25,2,28,0.0,0.0485982075993527,0.1419193805843446,False,many_exemplars,31,5.961427688598633,6.043889045715332,8.011228561401367,6.706275463104248,4.760761737823486,7.6077423095703125
79,FOODS,pasta,PASTA,122,9,8,PASTA_integrale,8,3.0,0.25,1,6,0.0625,0.1497968284485667,0.1303669110933702,False,many_exemplars,31,6.322321891784668,6.461516380310059,9.41899299621582,7.736149311065674,5.435279846191406,9.346113204956055
92,FOODS,pasta,PASTA,122,9,8,PASTA_rigata,6,9.666666666666666,0.1875,2,31,0.0,0.04967715611583047,0.1202233888085716,False,many_exemplars,31,6.354175567626953,6.499789237976074,8.739645957946777,7.053886890411377,5.032825946807861,8.593974113464355
80,FOODS,pasta,PASTA,122,9,8,PASTA_lasagne,8,7.625,0.25,3,17,0.0,0.04651474092408618,0.1092558020773182,False,many_exemplars,31,6.2897820472717285,6.382229804992676,8.606301307678223,7.422430992126465,5.587043762207031,8.735586166381836
98,FOODS,pasta,PASTA,122,9,8,PASTA_tagliatelle,9,12.11111111111111,0.28125,2,22,0.0,0.0487946602542018,0.10909499727071,False,many_exemplars,31,6.016021251678467,6.114677906036377,7.572072505950928,6.4264631271362305,4.30512809753418,6.9890828132629395
76,FOODS,pasta,PASTA,122,9,8,PASTA_fresca,8,7.875,0.25,3,17,0.0,0.04957061010526468,0.1089703231962027,False,many_exemplars,31,6.446046829223633,6.622745037078857,8.852462768554688,6.979915618896484,5.114363193511963,8.16702938079834
86,FOODS,pasta,PASTA,122,9,8,PASTA_orecchiette,5,6.4,0.15625,3,17,0.0,0.02849395230173893,0.08790416601328681,False,many_exemplars,31,5.812413692474365,5.901899814605713,6.9725751876831055,6.13278341293335,3.962069272994995,6.920403003692627
82,FOODS,pasta,PASTA,122,9,8,PASTA_liscia,5,11.8,0.15625,3,30,0.0,0.01580842186323877,0.08306626040754794,False,many_exemplars,31,6.440701484680176,6.59004545211792,9.732996940612793,7.692859172821045,6.184207439422607,8.07266902923584
75,FOODS,pasta,PASTA,122,9,8,PASTA_fettuccine,6,5.666666666666667,0.1875,3,11,0.0,0.03368884768204842,0.07333729405762085,False,many_exemplars,31,5.877591133117676,6.131145477294922,7.382965087890625,6.516672134399414,4.217047691345215,7.090332508087158
91,FOODS,pasta,PASTA,122,9,8,PASTA_ravioli,7,14.71428571428571,0.21875,6,25,0.0,0.008119163532810995,0.07167026524025602,False,many_exemplars,31,5.9729719161987305,6.305466651916504,8.10403823852539,6.690969467163086,4.9869866371154785,7.999419689178467
90,FOODS,pasta,PASTA,122,9,8,PASTA_penne lisce,5,5.4,0.15625,2,10,0.0,0.03178132297502605,0.0640682273532753,False,many_exemplars,31,6.190917015075684,6.411197662353516,8.215802192687988,7.084827423095703,4.8665666580200195,8.229288101196289
85,FOODS,pasta,PASTA,122,9,8,PASTA_mezze maniche,6,10.5,0.1875,4,18,0.0,0.01091904842028099,0.06214951311001731,False,many_exemplars,31,6.193188190460205,6.470327377319336,8.209993362426758,6.633004665374756,5.106300354003906,6.992238998413086
97,FOODS,pasta,PASTA,122,9,8,PASTA_strozzapreti,4,10.0,0.125,2,20,0.0,0.01597614630643417,0.05738698268662439,False,many_exemplars,31,5.746291160583496,5.894676685333252,6.840862274169922,5.700162410736084,4.015489101409912,6.278072357177734
94,FOODS,pasta,PASTA,122,9,8,PASTA_secca,4,5.75,0.125,1,9,0.03125,0.03451867247693374,0.05070697455743041,False,many_exemplars,31,6.530837059020996,6.682894706726074,9.539862632751465,7.760117530822754,5.71009635925293,9.529390335083008
96,FOODS,pasta,PASTA,122,9,8,PASTA_stelline,4,16.0,0.125,8,28,0.0,0.0001497661630832966,0.04107296737141466,False,many_exemplars,31,6.374433994293213,6.389040470123291,8.435715675354004,7.19563627243042,5.336273670196533,8.267782211303711
99,FOODS,pasta,PASTA,122,9,8,PASTA_tortellini,4,15.5,0.125,5,24,0.0,0.001487000154100955,0.040248490870668,False,many_exemplars,31,5.8503193855285645,6.048935890197754,7.62499475479126,6.1657023429870605,4.474372863769531,6.971263408660889
88,FOODS,pasta,PASTA,122,9,8,PASTA_pastina,5,10.2,0.15625,7,15,0.0,0.00193034263903244,0.03821427314865729,False,many_exemplars,31,6.293054580688477,6.469029426574707,8.448226928710938,7.330533981323242,5.065609931945801,8.875215530395508
100,FOODS,pasta,PASTA,122,9,8,PASTA_trofie,4,15.5,0.125,6,24,0.0,0.0006908058654790984,0.03781263212010914,False,many_exemplars,31,6.075532913208008,6.305837631225586,8.665973663330078,7.063371181488037,5.043834686279297,7.889780044555664
87,FOODS,pasta,PASTA,122,9,8,PASTA_pappardelle,4,15.75,0.125,7,22,0.0,0.0003172873800343196,0.03122245733290681,False,many_exemplars,31,5.854021072387695,6.156970024108887,7.588051795959473,6.439672470092773,4.546570777893066,7.308974742889404
78,FOODS,pasta,PASTA,122,9,8,PASTA_gnocchi,4,15.0,0.125,5,20,0.0,0.001455734821765557,0.03088510483873816,False,many_exemplars,31,6.049947261810303,6.063462257385254,7.772390842437744,6.315716743469238,4.625925540924072,7.429259777069092
73,FOODS,pasta,PASTA,122,9,8,PASTA_ditalini,4,14.5,0.125,10,17,0.0,3.325425772814039e-05,0.01965858046972058,False,many_exemplars,31,6.401528835296631,6.546228885650635,8.036749839782715,7.008494853973389,4.721680641174316,7.884918212890625
110,FURNISHINGS/FITTINGS,pillow,CUSCINO,55,14,4,CUSCINO_in memory foam,13,1.538461538461538,0.40625,1,3,0.25,0.369997418196802,0.2859508748619615,False,many_exemplars,13,6.143091201782227,6.241822242736816,8.074104309082031,6.946089267730713,5.088092803955078,7.856967449188232
106,FURNISHINGS/FITTINGS,pillow,CUSCINO,55,14,4,CUSCINO_di piuma,14,2.642857142857143,0.4375,1,7,0.125,0.3418792372748763,0.2781574516308093,False,many_exemplars,13,6.1316399574279785,6.174707412719727,8.126690864562988,6.7800092697143555,5.090021133422852,7.316922664642334
102,FURNISHINGS/FITTINGS,pillow,CUSCINO,55,14,4,CUSCINO_da divano,10,4.0,0.3125,2,8,0.0,0.162343412660331,0.13909508653752,False,many_exemplars,13,6.165592670440674,6.32402229309082,8.654717445373535,7.179447650909424,5.38084602355957,8.145234107971191
112,FURNISHINGS/FITTINGS,pillow,CUSCINO,55,14,4,CUSCINO_ortopedico,6,2.666666666666667,0.1875,1,7,0.0625,0.1163868156393127,0.1227496623897316,False,many_exemplars,13,6.0099639892578125,6.0991082191467285,8.324915885925293,6.681179046630859,5.030707359313965,7.055636882781982
105,FURNISHINGS/FITTINGS,pillow,CUSCINO,55,14,4,CUSCINO_di lattice,7,2.285714285714286,0.21875,1,4,0.0625,0.1440289419527679,0.1081564703513127,False,many_exemplars,13,6.4814982414245605,6.378347396850586,8.960921287536621,7.420694828033447,5.821492671966553,8.73508071899414
111,FURNISHINGS/FITTINGS,pillow,CUSCINO,55,14,4,CUSCINO_morbido,6,2.833333333333333,0.1875,1,5,0.03125,0.1003589308979568,0.09026975918332732,False,many_exemplars,13,6.136821269989014,6.2023138999938965,8.796061515808105,6.924360752105713,5.514898300170898,7.5056633949279785
103,FURNISHINGS/FITTINGS,pillow,CUSCINO,55,14,4,CUSCINO_da letto,5,2.0,0.15625,1,3,0.0625,0.0998743252364082,0.07866107677577065,False,many_exemplars,13,6.130219459533691,6.174478530883789,8.137532234191895,7.11942720413208,5.322176456451416,7.716338634490967
109,FURNISHINGS/FITTINGS,pillow,CUSCINO,55,14,4,CUSCINO_guanciale,4,3.0,0.125,1,6,0.0625,0.06630925670132178,0.07349491864945501,False,many_exemplars,13,6.136137008666992,6.0565900802612305,8.184138298034668,6.952977657318115,5.426732063293457,6.533278465270996
113,FURNISHINGS/FITTINGS,pillow,CUSCINO,55,14,4,CUSCINO_quadrato,5,4.0,0.15625,1,7,0.03125,0.05715749051442812,0.07017430458402131,False,many_exemplars,13,6.063082218170166,6.145140171051025,8.52077865600586,6.890074253082275,5.279133319854736,7.862800121307373
104,FURNISHINGS/FITTINGS,pillow,CUSCINO,55,14,4,CUSCINO_da viaggio,4,4.25,0.125,1,8,0.03125,0.03959565326835716,0.0589767239699546,False,many_exemplars,13,6.179966449737549,6.27642297744751,8.579957962036133,7.355093955993652,5.561524868011475,8.115365982055664
107,FURNISHINGS/FITTINGS,pillow,CUSCINO,55,14,4,CUSCINO_duro,6,3.833333333333333,0.1875,3,6,0.0,0.0562179085342456,0.0562179085342456,False,many_exemplars,13,6.323209762573242,6.404624938964844,9.153332710266113,7.118136882781982,5.480381965637207,8.36617660522461
108,FURNISHINGS/FITTINGS,pillow,CUSCINO,55,14,4,CUSCINO_ergonomico,4,3.0,0.125,1,4,0.03125,0.04426039908888429,0.04426039908888429,False,many_exemplars,13,6.049614906311035,6.13949728012085,8.409008979797363,6.898118019104004,5.078037738800049,6.864361763000488
101,FURNISHINGS/FITTINGS,pillow,CUSCINO,55,14,4,CUSCINO_da cervicale,4,4.75,0.125,3,8,0.0,0.01508987462456621,0.04392454160114544,False,many_exemplars,13,5.928325653076172,6.197858810424805,8.090804100036621,6.615392208099365,5.187809944152832,7.829473495483398
123,FURNITURE,table,TAVOLO,167,7,7,TAVOLO_di legno,16,2.125,0.5,1,6,0.28125,0.4320270172005839,0.3615706311272613,False,many_exemplars,17,6.298182964324951,6.476840972900391,8.648122787475586,6.994302749633789,5.362245082855225,9.329733848571777
117,FURNITURE,table,TAVOLO,167,7,7,TAVOLO_da cucina,12,3.416666666666667,0.375,1,14,0.15625,0.2700721407148954,0.2797899174726329,False,many_exemplars,17,6.229628562927246,6.274862289428711,8.2755126953125,6.9769415855407715,5.413700103759766,8.702614784240723
129,FURNITURE,table,TAVOLO,167,7,7,TAVOLO_rotondo,13,3.692307692307693,0.40625,1,12,0.15625,0.2831093805878055,0.2770335202192095,False,many_exemplars,17,6.46207857131958,6.4114274978637695,9.456555366516113,7.487281799316406,5.888791561126709,9.798006057739258
114,FURNITURE,table,TAVOLO,167,7,7,TAVOLO_allungabile,12,4.25,0.375,1,11,0.0625,0.2211303579852359,0.2125465594322916,False,many_exemplars,17,6.412863731384277,6.6270246505737305,9.234322547912598,7.215418338775635,5.589568138122559,9.438279151916504
120,FURNITURE,table,TAVOLO,167,7,7,TAVOLO_da lavoro,9,5.555555555555555,0.28125,1,13,0.03125,0.1194733172971704,0.1467150471904543,False,many_exemplars,17,6.183591365814209,6.258934020996094,7.9398603439331055,7.333194255828857,5.174651145935059,9.843730926513672
122,FURNITURE,table,TAVOLO,167,7,7,TAVOLO_da pranzo,7,2.428571428571428,0.21875,1,5,0.125,0.1530059120986966,0.1411610767757707,False,many_exemplars,17,6.26768159866333,6.367408752441406,8.589323043823242,6.867598533630371,5.527746677398682,9.45022201538086
130,FURNITURE,table,TAVOLO,167,7,7,TAVOLO_scrivania,6,3.833333333333333,0.1875,1,11,0.03125,0.09133489752821114,0.1194433051032017,False,many_exemplars,17,6.296410083770752,6.177114963531494,8.761554718017578,6.602860927581787,4.84057092666626,8.328179359436035
127,FURNITURE,table,TAVOLO,167,7,7,TAVOLO_quadrato,7,4.857142857142857,0.21875,1,10,0.03125,0.0900046116455704,0.1092734671333643,False,many_exemplars,17,6.174288272857666,6.290429592132568,8.725833892822266,6.842985153198242,5.271562576293945,9.2718505859375
124,FURNITURE,table,TAVOLO,167,7,7,TAVOLO_di plastica,9,3.888888888888889,0.28125,3,7,0.0,0.1297670363115957,0.1022544552401299,False,many_exemplars,17,6.401976585388184,6.36818790435791,8.709607124328613,7.061162948608398,5.408365249633789,9.74282169342041
128,FURNITURE,table,TAVOLO,167,7,7,TAVOLO_rettangolare,8,5.125,0.25,2,9,0.0,0.08854234686586504,0.09794656398900288,False,many_exemplars,17,6.222010135650635,6.407232284545898,8.138728141784668,6.627455711364746,5.0169196128845215,8.419134140014648
115,FURNITURE,table,TAVOLO,167,7,7,TAVOLO_da biliardo,6,3.5,0.1875,1,6,0.03125,0.0793892971712788,0.0793892971712788,False,many_exemplars,17,6.255444049835205,6.224157333374023,8.660511016845703,7.190204620361328,5.496651649475098,8.90755558013916
125,FURNITURE,table,TAVOLO,167,7,7,TAVOLO_di vetro,5,3.4,0.15625,2,6,0.0,0.05239486557092626,0.06290386652752895,False,many_exemplars,17,6.421667575836182,6.510766506195068,8.687294006347656,6.831258773803711,4.957221508026123,9.33898639678955
126,FURNITURE,table,TAVOLO,167,7,7,TAVOLO_pieghevole,7,5.0,0.21875,3,7,0.0,0.05237488597036922,0.05237488597036922,False,many_exemplars,17,6.315115451812744,6.503312110900879,7.653675079345703,6.4949951171875,4.792124271392822,8.007498741149902
116,FURNITURE,table,TAVOLO,167,7,7,TAVOLO_da caff√®,4,5.5,0.125,2,9,0.0,0.02147540976548422,0.04833607502027412,False,many_exemplars,17,6.217289447784424,6.247506618499756,8.079384803771973,6.974602222442627,5.389033317565918,8.693724632263184
118,FURNITURE,table,TAVOLO,167,7,7,TAVOLO_da giardino,6,3.666666666666667,0.1875,2,5,0.0,0.06072986787117595,0.04731623866335963,False,many_exemplars,17,6.284409523010254,6.3121256828308105,8.184318542480469,6.777761459350586,5.280911922454834,9.969938278198242
119,FURNITURE,table,TAVOLO,167,7,7,TAVOLO_da gioco,4,7.0,0.125,2,12,0.0,0.01534636116697433,0.04670330087732763,False,many_exemplars,17,6.35994815826416,6.36501407623291,8.37977123260498,7.444423198699951,5.469622611999512,9.429120063781738
121,FURNITURE,table,TAVOLO,167,7,7,TAVOLO_da ping pong,4,5.5,0.125,4,7,0.0,0.005578881262791058,0.02436897387167261,False,many_exemplars,17,6.2579026222229,6.44874906539917,7.893826484680176,6.617079257965088,5.1807355880737305,8.591597557067871
139,HOBBIES,video game,VIDEOGIOCO,186,11,12,VIDEOGIOCO_di sport,13,4.923076923076923,0.40625,1,14,0.03125,0.2206633441673149,0.2294850989023877,False,many_exemplars,17,6.421381950378418,6.355931282043457,8.719837188720703,7.62882661819458,5.287252902984619,8.325570106506348
135,HOBBIES,video game,VIDEOGIOCO,186,11,12,VIDEOGIOCO_di azione,12,2.833333333333333,0.375,1,6,0.09375,0.2695872034270096,0.2033531798659677,False,many_exemplars,17,6.28474760055542,6.29658317565918,8.68913459777832,7.105954647064209,5.211474895477295,8.336344718933105
138,HOBBIES,video game,VIDEOGIOCO,186,11,12,VIDEOGIOCO_di simulazione,13,6.461538461538462,0.40625,3,16,0.0,0.1612070655229361,0.1911747769424634,False,many_exemplars,17,6.046479225158691,5.933022499084473,7.801451206207275,6.579573154449463,4.584359645843506,7.366947650909424
147,HOBBIES,video game,VIDEOGIOCO,186,11,12,VIDEOGIOCO_sparatutto,10,4.7,0.3125,1,12,0.09375,0.1648702716244706,0.1786685109255333,False,many_exemplars,17,6.1627984046936035,6.201927661895752,8.058883666992188,6.520465850830078,4.693813323974609,7.340651512145996
137,HOBBIES,video game,VIDEOGIOCO,186,11,12,VIDEOGIOCO_di ruolo,9,3.222222222222222,0.28125,1,8,0.03125,0.168400474920653,0.1588678124775173,False,many_exemplars,17,6.353433132171631,6.181023120880127,8.452744483947754,7.1267476081848145,5.22810697555542,8.072477340698242
134,HOBBIES,video game,VIDEOGIOCO,186,11,12,VIDEOGIOCO_di avventura,12,3.666666666666667,0.375,1,6,0.0625,0.2267853421250298,0.1441508756523135,False,many_exemplars,17,6.103572845458984,6.117110252380371,7.9598870277404785,6.736335754394531,4.474839210510254,7.481691837310791
143,HOBBIES,video game,VIDEOGIOCO,186,11,12,VIDEOGIOCO_online,7,3.571428571428572,0.21875,1,8,0.09375,0.1217439238107253,0.1275213053637169,False,many_exemplars,17,6.380739212036133,6.375147342681885,8.482000350952148,7.312105655670166,5.348176002502441,8.587462425231934
145,HOBBIES,video game,VIDEOGIOCO,186,11,12,VIDEOGIOCO_platform,5,2.8,0.15625,1,7,0.03125,0.08499563258746672,0.09828174507201087,False,many_exemplars,17,6.36635160446167,6.356451034545898,8.734435081481934,7.3668341636657715,5.2462053298950195,8.743889808654785
144,HOBBIES,video game,VIDEOGIOCO,186,11,12,VIDEOGIOCO_per computer,4,2.5,0.125,1,7,0.09375,0.0940641198670198,0.09688308886633762,False,many_exemplars,17,6.54104471206665,6.4409613609313965,8.91510009765625,7.6126580238342285,5.511521816253662,8.825714111328125
140,HOBBIES,video game,VIDEOGIOCO,186,11,12,VIDEOGIOCO_di strategia,8,4.625,0.25,1,8,0.03125,0.09438917299961268,0.09438917299961268,False,many_exemplars,17,6.237278461456299,6.2653303146362305,7.772632598876953,7.060281276702881,5.032589435577393,7.74379301071167
146,HOBBIES,video game,VIDEOGIOCO,186,11,12,VIDEOGIOCO_rpg,5,4.6,0.15625,1,10,0.03125,0.05989823410868844,0.08407464898507143,False,many_exemplars,17,6.225506782531738,6.265636920928955,7.931156635284424,6.750734329223633,4.692698955535889,7.894768238067627
136,HOBBIES,video game,VIDEOGIOCO,186,11,12,VIDEOGIOCO_di guerra,6,4.5,0.1875,2,9,0.0,0.05534936108515697,0.08153370896455636,False,many_exemplars,17,6.312556743621826,6.279330253601074,8.58669662475586,7.258545875549316,5.1816911697387695,8.34220027923584
131,HOBBIES,video game,VIDEOGIOCO,186,11,12,VIDEOGIOCO_arcade,5,5.0,0.15625,1,10,0.0625,0.0654318122748687,0.08108530547696952,False,many_exemplars,17,6.1564483642578125,6.1515374183654785,7.974623680114746,6.599131107330322,4.547390460968018,7.715124607086182
132,HOBBIES,video game,VIDEOGIOCO,186,11,12,VIDEOGIOCO_con console,4,3.75,0.125,1,9,0.03125,0.05257948254778561,0.07540938372814816,False,many_exemplars,17,6.438581943511963,6.49637508392334,8.742334365844727,7.366121292114258,5.173488140106201,8.467545509338379
141,HOBBIES,video game,VIDEOGIOCO,186,11,12,VIDEOGIOCO_fps,4,3.0,0.125,1,5,0.03125,0.05035606294706559,0.05753552388445807,False,many_exemplars,17,6.1539835929870605,6.315002918243408,7.92948579788208,6.944919109344482,4.822405815124512,7.925624847412109
142,HOBBIES,video game,VIDEOGIOCO,186,11,12,VIDEOGIOCO_mmorpg,4,5.25,0.125,2,9,0.0,0.01839451789289832,0.04718817899941904,False,many_exemplars,17,6.009908676147461,6.128434181213379,7.196859359741211,6.165538787841797,4.415757179260254,6.8933491706848145
133,HOBBIES,video game,VIDEOGIOCO,186,11,12,VIDEOGIOCO_di auto,4,4.75,0.125,2,7,0.0,0.01864084595462006,0.03892430458402131,False,many_exemplars,17,6.5152459144592285,6.438750267028809,8.57839298248291,7.24430513381958,5.396722793579102,8.654562950134277
155,HOUSING BUILDINGS,kitchen,CUCINA,53,13,9,CUCINA_italiana,15,3.066666666666667,0.46875,1,10,0.21875,0.3592073276242332,0.3250605183922499,False,many_exemplars,13,6.34212064743042,6.375236511230469,8.496220588684082,7.036003112792969,5.016972541809082,8.509765625
151,HOUSING BUILDINGS,kitchen,CUCINA,53,13,9,CUCINA_cinese,10,4.1,0.3125,2,9,0.0,0.161546962909326,0.1509519236883308,False,many_exemplars,13,6.306258201599121,6.41680908203125,8.48386001586914,7.816865921020508,5.074908256530762,7.9456281661987305
160,HOUSING BUILDINGS,kitchen,CUCINA,53,13,9,CUCINA_vegetariana,8,4.875,0.25,2,14,0.0,0.09871117349549788,0.1437283178581094,False,many_exemplars,13,5.95225191116333,6.112689018249512,7.709280490875244,6.230983257293701,4.562001705169678,6.898166179656982
153,HOUSING BUILDINGS,kitchen,CUCINA,53,13,9,CUCINA_giapponese,9,4.777777777777778,0.28125,2,9,0.0,0.1180159736178383,0.1180159736178383,False,many_exemplars,13,5.9542717933654785,5.9576005935668945,7.482524871826172,6.9792585372924805,4.596419334411621,7.7976460456848145
149,HOUSING BUILDINGS,kitchen,CUCINA,53,13,9,CUCINA_ad angolo,6,1.666666666666667,0.1875,1,3,0.09375,0.1456589478780739,0.1166728869525284,False,many_exemplars,13,6.363211631774902,6.542696952819824,8.724539756774902,7.359702110290527,5.718804359436035,8.4756498336792
152,HOUSING BUILDINGS,kitchen,CUCINA,53,13,9,CUCINA_etnica,7,5.571428571428571,0.21875,1,12,0.03125,0.06597473921903456,0.1011991296242471,False,many_exemplars,13,6.380984306335449,6.432724952697754,8.272518157958984,6.967178821563721,5.032008171081543,7.7796711921691895
158,HOUSING BUILDINGS,kitchen,CUCINA,53,13,9,CUCINA_tradizionale,5,3.4,0.15625,1,9,0.03125,0.07662807321054996,0.09885115143974137,False,many_exemplars,13,6.104557514190674,6.225666522979736,8.585710525512695,6.868189334869385,4.872554302215576,7.749755859375
156,HOUSING BUILDINGS,kitchen,CUCINA,53,13,9,CUCINA_moderna,6,4.166666666666667,0.1875,1,8,0.03125,0.07838224513116444,0.09241029741011728,False,many_exemplars,13,6.502593040466309,6.589468002319336,9.164546012878418,7.913707256317139,5.794653415679932,8.991693496704102
159,HOUSING BUILDINGS,kitchen,CUCINA,53,13,9,CUCINA_vegana,5,6.0,0.15625,1,15,0.03125,0.05296963908844715,0.08875816083106093,False,many_exemplars,13,6.107311248779297,6.30630350112915,8.992574691772461,7.222748756408691,5.3338847160339355,7.666900634765625
148,HOUSING BUILDINGS,kitchen,CUCINA,53,13,9,CUCINA_a gas,4,3.5,0.125,1,8,0.0625,0.06577901608403623,0.0772947319874044,False,many_exemplars,13,6.437037944793701,6.55858850479126,9.268080711364746,7.582348823547363,5.7536091804504395,9.772652626037598
157,HOUSING BUILDINGS,kitchen,CUCINA,53,13,9,CUCINA_regionale,5,6.2,0.15625,2,13,0.0,0.037582575309627,0.07709953889125169,False,many_exemplars,13,6.383230209350586,6.508393287658691,8.798829078674316,7.390146732330322,5.602447509765625,8.84438705444336
150,HOUSING BUILDINGS,kitchen,CUCINA,53,13,9,CUCINA_ad isola,6,2.666666666666667,0.1875,1,4,0.03125,0.09888260744430873,0.07329533786144127,False,many_exemplars,13,6.447470188140869,6.5089545249938965,8.837715148925781,7.390416622161865,5.440772533416748,8.6674165725708
154,HOUSING BUILDINGS,kitchen,CUCINA,53,13,9,CUCINA_indiana,5,7.0,0.15625,3,13,0.0,0.0153807175683749,0.05910452267997339,False,many_exemplars,13,6.586317539215088,6.5054097175598145,9.590194702148438,7.970393180847168,5.788071155548096,8.85739803314209
163,KITCHENWARE,knife,COLTELLO,44,3,7,COLTELLO_a serramanico,13,1.923076923076923,0.40625,1,5,0.21875,0.3495498626647401,0.2900994772279882,False,many_exemplars,17,6.4063401222229,6.387397766113281,8.359443664550781,6.757749080657959,5.35783576965332,7.801486492156982
168,KITCHENWARE,knife,COLTELLO,44,3,7,COLTELLO_da cucina,10,2.1,0.3125,1,4,0.15625,0.2482077899312907,0.1946842053715698,False,many_exemplars,17,6.147238731384277,6.182155132293701,8.762279510498047,7.125260353088379,5.663148403167725,7.750642776489258
171,KITCHENWARE,knife,COLTELLO,44,3,7,COLTELLO_da pane,10,3.2,0.3125,1,6,0.09375,0.1969274295259123,0.1547141715202374,False,many_exemplars,17,6.387833118438721,6.533364772796631,8.526301383972168,7.21894645690918,5.435281276702881,8.163043022155762
175,KITCHENWARE,knife,COLTELLO,44,3,7,COLTELLO_seghettato,8,3.375,0.25,1,7,0.0625,0.1412166419150765,0.1326187556956745,False,many_exemplars,17,6.160998344421387,6.312211513519287,8.682609558105469,7.0743021965026855,5.424363136291504,7.637406349182129
177,KITCHENWARE,knife,COLTELLO,44,3,7,COLTELLO_svizzero,9,4.0,0.28125,1,8,0.03125,0.1388343641372951,0.1283112425135851,False,many_exemplars,17,6.067076683044434,6.185946464538574,8.097367286682129,7.018489837646484,5.38737154006958,7.833927631378174
166,KITCHENWARE,knife,COLTELLO,44,3,7,COLTELLO_da carne,11,4.727272727272728,0.34375,2,8,0.0,0.1630548575488976,0.1259121017481015,False,many_exemplars,17,6.3253045082092285,6.397661209106445,9.379077911376953,7.35029935836792,5.818741798400879,9.202640533447266
172,KITCHENWARE,knife,COLTELLO,44,3,7,COLTELLO_da pesce,8,3.75,0.25,1,7,0.03125,0.1159143620571922,0.104469516467573,False,many_exemplars,17,6.243971824645996,6.332259178161621,8.319093704223633,7.140056610107422,5.3883466720581055,8.39539623260498
169,KITCHENWARE,knife,COLTELLO,44,3,7,COLTELLO_da frutta,5,4.2,0.15625,1,10,0.03125,0.06014709966458456,0.08762071852512221,False,many_exemplars,17,6.27604866027832,6.320305824279785,8.945321083068848,6.973773956298828,5.3854193687438965,8.280824661254883
164,KITCHENWARE,knife,COLTELLO,44,3,7,COLTELLO_da burro,7,4.0,0.21875,2,7,0.0,0.08000159914985222,0.08000159914985222,False,many_exemplars,17,6.334768772125244,6.361595153808594,9.096123695373535,7.571913719177246,5.680087566375732,8.25487232208252
161,KITCHENWARE,knife,COLTELLO,44,3,7,COLTELLO_a farfalla,6,3.833333333333333,0.1875,1,7,0.03125,0.06926707714448202,0.07858525538190235,False,many_exemplars,17,6.131114482879639,6.126163482666016,8.495375633239746,6.868465900421143,5.415634632110596,7.630851745605469
162,KITCHENWARE,knife,COLTELLO,44,3,7,COLTELLO_a scatto,6,5.166666666666667,0.1875,2,9,0.0,0.05661847267161326,0.07815676590281204,False,many_exemplars,17,6.224340438842773,6.309330463409424,8.414056777954102,7.180727481842041,5.446174144744873,8.650313377380371
173,KITCHENWARE,knife,COLTELLO,44,3,7,COLTELLO_mannaia,5,6.4,0.15625,1,11,0.03125,0.03543370262366807,0.06041937489237671,False,many_exemplars,17,6.051108360290527,6.366152286529541,8.760921478271484,7.246407508850098,5.666916847229004,7.875242710113525
165,KITCHENWARE,knife,COLTELLO,44,3,7,COLTELLO_da caccia,4,3.0,0.125,2,5,0.0,0.0372346648232155,0.04819704220986776,False,many_exemplars,17,6.0416483879089355,6.1715874671936035,8.198046684265137,6.797131061553955,5.315131187438965,8.799737930297852
174,KITCHENWARE,knife,COLTELLO,44,3,7,COLTELLO_multifunzione,4,3.5,0.125,1,5,0.03125,0.04090523074510802,0.04741107677577065,False,many_exemplars,17,6.076338768005371,6.18340539932251,8.519537925720215,7.083907127380371,5.507019996643066,7.7652058601379395
167,KITCHENWARE,knife,COLTELLO,44,3,7,COLTELLO_da chef,5,4.2,0.15625,2,6,0.0,0.03550860828548106,0.04524051195400267,False,many_exemplars,17,6.38878059387207,6.46035099029541,8.84062385559082,7.4661993980407715,5.74053430557251,9.034358978271484
176,KITCHENWARE,knife,COLTELLO,44,3,7,COLTELLO_spelucchino,5,5.6,0.15625,4,7,0.0,0.0132190565900414,0.02896573847770315,False,many_exemplars,17,6.3380303382873535,6.386807918548584,8.444181442260742,7.061107635498047,5.470485687255859,8.422178268432617
170,KITCHENWARE,knife,COLTELLO,44,3,7,COLTELLO_da macellaio,4,6.0,0.125,4,8,0.0,0.005048640645505516,0.02754235490889051,False,many_exemplars,17,6.147482872009277,6.4990410804748535,8.46807861328125,7.296148777008057,5.515902996063232,7.957338809967041
180,PLANTS,daisy,MARGHERITA,102,6,10,MARGHERITA_crisantemo,8,1.5,0.25,1,3,0.15625,0.2174447864613116,0.1791728869525284,False,many_exemplars,8,5.845158100128174,6.122093677520752,7.406147003173828,6.428697109222412,4.790149211883545,6.815436363220215
184,PLANTS,daisy,MARGHERITA,102,6,10,MARGHERITA_pizza,7,1.714285714285714,0.21875,1,3,0.125,0.1753344908411147,0.1411610767757707,False,many_exemplars,8,6.237260341644287,6.202384948730469,8.057561874389648,6.6241326332092285,4.744633674621582,7.862052917480469
178,PLANTS,daisy,MARGHERITA,102,6,10,MARGHERITA_bianca,5,1.4,0.15625,1,3,0.125,0.1348948990430954,0.1281330888663376,False,many_exemplars,8,5.994130611419678,6.154540538787842,7.750929355621338,6.578474521636963,4.800570964813232,7.146133899688721
181,PLANTS,daisy,MARGHERITA,102,6,10,MARGHERITA_di campo,4,1.0,0.125,1,1,0.125,0.125,0.125,False,many_exemplars,8,6.456762790679932,6.404938697814941,8.222063064575195,6.854548454284668,5.141515731811523,8.602959632873535
179,PLANTS,daisy,MARGHERITA,102,6,10,MARGHERITA_comune,4,2.0,0.125,1,5,0.09375,0.09520550469444948,0.09688308886633762,False,many_exemplars,8,6.14813232421875,6.211426734924316,8.475276947021484,6.923861503601074,4.980316638946533,8.388626098632812
182,PLANTS,daisy,MARGHERITA,102,6,10,MARGHERITA_fiore,6,1.666666666666667,0.1875,1,2,0.0625,0.1414104556883657,0.07503235546535048,False,many_exemplars,8,6.225521087646484,6.218567371368408,8.585550308227539,6.771118640899658,5.0064697265625,7.50219202041626
185,PLANTS,daisy,MARGHERITA,102,6,10,MARGHERITA_rosa,5,2.0,0.15625,1,3,0.03125,0.09389848049374752,0.06406778599562386,False,many_exemplars,8,6.175736427307129,6.194688320159912,8.812898635864258,7.496394157409668,5.453926086425781,8.363346099853516
183,PLANTS,daisy,MARGHERITA,102,6,10,MARGHERITA_gigante,4,2.0,0.125,1,3,0.03125,0.06702916012876603,0.05417288695252845,False,many_exemplars,8,6.145053386688232,6.188314437866211,7.6120076179504395,6.556514739990234,4.65049409866333,7.302060127258301
191,STATIONERY,sheet,FOGLIO,66,4,12,FOGLIO_a4,20,2.35,0.625,1,7,0.40625,0.5446522418026543,0.4607723427205477,False,many_exemplars,17,6.291343688964844,6.430928707122803,9.04519271850586,7.317159652709961,5.81411075592041,8.738807678222656
186,STATIONERY,sheet,FOGLIO,66,4,12,FOGLIO_a quadretti,20,4.9,0.625,2,11,0.0,0.4112204322558812,0.3050447444228745,False,many_exemplars,17,6.444233417510986,6.439114570617676,8.288888931274414,7.131552219390869,5.285863876342773,8.756477355957031
187,STATIONERY,sheet,FOGLIO,66,4,12,FOGLIO_a righe,17,5.058823529411764,0.53125,1,12,0.125,0.3296584532794999,0.2819055040444371,False,many_exemplars,17,6.457812309265137,6.613144874572754,9.092620849609375,7.37122106552124,5.762700080871582,8.869040489196777
194,STATIONERY,sheet,FOGLIO,66,4,12,FOGLIO_bianco,13,4.461538461538462,0.40625,1,10,0.09375,0.2433940620017932,0.2165580928751531,False,many_exemplars,17,6.365962505340576,6.3542704582214355,8.632142066955566,6.790866851806641,5.25771951675415,8.029173851013184
198,STATIONERY,sheet,FOGLIO,66,4,12,FOGLIO_di carta,8,3.375,0.25,1,9,0.125,0.1566235396688653,0.161937208112581,False,many_exemplars,17,6.426905632019043,6.433976650238037,8.287480354309082,7.250845909118652,5.983864784240723,9.018109321594238
190,STATIONERY,sheet,FOGLIO,66,4,12,FOGLIO_a3,14,3.285714285714286,0.4375,2,5,0.0,0.2962193778479763,0.1365633418039118,False,many_exemplars,17,6.340473651885986,6.489573001861572,9.177993774414062,7.472753047943115,5.808366775512695,8.761730194091797
195,STATIONERY,sheet,FOGLIO,66,4,12,FOGLIO_colorato,8,5.25,0.25,2,11,0.0,0.08706292566000645,0.1127350503562592,False,many_exemplars,17,6.553045272827148,6.50101900100708,9.67768383026123,7.829624176025391,6.347588539123535,9.019519805908203
192,STATIONERY,sheet,FOGLIO,66,4,12,FOGLIO_a5,10,4.1,0.3125,2,6,0.0,0.1561729277971724,0.1015856818652482,False,many_exemplars,17,6.301460266113281,6.452073097229004,9.175667762756348,7.484474182128906,5.767308235168457,8.968021392822266
189,STATIONERY,sheet,FOGLIO,66,4,12,FOGLIO_a2,7,3.571428571428572,0.21875,2,6,0.0,0.09071041557591128,0.0776386274898346,False,many_exemplars,17,6.515025615692139,6.577563285827637,9.185136795043945,7.4584641456604,5.787450313568115,9.058754920959473
188,STATIONERY,sheet,FOGLIO,66,4,12,FOGLIO_a1,4,3.0,0.125,2,6,0.0,0.04422857599381961,0.06231593063261193,False,many_exemplars,17,6.525729179382324,6.605153560638428,9.363680839538574,7.402302265167236,5.6967291831970215,9.096343040466309
199,STATIONERY,sheet,FOGLIO,66,4,12,FOGLIO_di cartone,6,4.666666666666667,0.1875,2,7,0.0,0.04552527468174388,0.05556342498332578,False,many_exemplars,17,6.663107395172119,6.784615516662598,9.066237449645996,7.518228530883789,6.49289608001709,8.818436622619629
201,STATIONERY,sheet,FOGLIO,66,4,12,FOGLIO_protocollo,5,4.0,0.15625,3,6,0.0,0.03268861818149003,0.04376418850035454,False,many_exemplars,17,6.530843257904053,6.547473430633545,9.039396286010742,7.820749759674072,6.077378273010254,8.37691879272461
197,STATIONERY,sheet,FOGLIO,66,4,12,FOGLIO_da disegno,5,7.2,0.15625,6,11,0.0,0.006380526115184677,0.04067961577874125,False,many_exemplars,17,6.332915306091309,6.409424781799316,8.64794921875,7.396321773529053,5.511637210845947,7.799948692321777
202,STATIONERY,sheet,FOGLIO,66,4,12,FOGLIO_ruvido,4,9.0,0.125,2,12,0.0,0.01456255613696238,0.03637975264068047,False,many_exemplars,17,6.64772367477417,6.612876892089844,9.057884216308594,7.494119167327881,6.415912628173828,8.474153518676758
200,STATIONERY,sheet,FOGLIO,66,4,12,FOGLIO_liscio,4,9.0,0.125,3,13,0.0,0.006829801136928678,0.03577362689713495,False,many_exemplars,17,6.4091315269470215,6.428684234619141,8.30959415435791,6.934093475341797,5.9685797691345215,7.914795398712158
193,STATIONERY,sheet,FOGLIO,66,4,12,FOGLIO_a6,4,5.0,0.125,3,7,0.0,0.01411668244645771,0.0353011165052322,False,many_exemplars,17,6.3960652351379395,6.529435157775879,9.221028327941895,7.583836555480957,5.908051490783691,9.137162208557129
196,STATIONERY,sheet,FOGLIO,66,4,12,FOGLIO_con i buchi,4,8.25,0.125,6,11,0.0,0.001072710001416172,0.02585286225839169,False,many_exemplars,17,6.806027889251709,6.794071674346924,9.01541519165039,8.029583930969238,6.277437686920166,8.563756942749023
213,VEHICLES,car,AUTOMOBILE,9,10,1,AUTOMOBILE_elettrica,15,5.533333333333333,0.46875,1,16,0.09375,0.2784994211687505,0.2852555933690743,False,many_exemplars,20,6.234013557434082,6.40555477142334,8.571233749389648,6.68842077255249,4.89412260055542,8.717365264892578
221,VEHICLES,car,AUTOMOBILE,9,10,1,AUTOMOBILE_suv,13,4.076923076923077,0.40625,1,9,0.03125,0.2435409432914378,0.1982157471665918,False,many_exemplars,20,6.436409950256348,6.517617702484131,8.642511367797852,7.274755477905273,5.2194695472717285,9.643877983093262
204,VEHICLES,car,AUTOMOBILE,9,10,1,AUTOMOBILE_a benzina,8,9.25,0.25,3,40,0.0,0.06875631977733405,0.1780875921072803,False,many_exemplars,20,6.415672302246094,6.438864231109619,8.871208190917969,7.388905048370361,5.1458821296691895,9.083380699157715
218,VEHICLES,car,AUTOMOBILE,9,10,1,AUTOMOBILE_monovolume,10,4.2,0.3125,1,10,0.09375,0.1775590024916377,0.1775590024916377,False,many_exemplars,20,6.477210998535156,6.533119201660156,8.515829086303711,7.03574275970459,5.347005844116211,7.9318695068359375
216,VEHICLES,car,AUTOMOBILE,9,10,1,AUTOMOBILE_ibrida,12,5.416666666666667,0.375,1,11,0.03125,0.1756288091749604,0.165314677427475,False,many_exemplars,20,6.5053391456604,6.604230880737305,8.592744827270508,6.738255500793457,5.105027675628662,9.038997650146484
211,VEHICLES,car,AUTOMOBILE,9,10,1,AUTOMOBILE_da corsa,10,5.1,0.3125,1,11,0.09375,0.1563437031650831,0.1631322453103602,False,many_exemplars,20,6.366221904754639,6.478200912475586,8.101083755493164,6.9994282722473145,5.231480121612549,8.482878684997559
219,VEHICLES,car,AUTOMOBILE,9,10,1,AUTOMOBILE_sportiva,10,5.6,0.3125,1,12,0.03125,0.1419627899153417,0.1567303914981414,False,many_exemplars,20,6.534436225891113,6.5580339431762695,9.966090202331543,7.927458763122559,6.160008430480957,9.018272399902344
207,VEHICLES,car,AUTOMOBILE,9,10,1,AUTOMOBILE_berlina,9,5.666666666666667,0.28125,1,12,0.0625,0.1273251785883454,0.1447924998687111,False,many_exemplars,20,6.251325607299805,6.2979912757873535,8.825078964233398,7.5272393226623535,5.173285484313965,7.8731770515441895
208,VEHICLES,car,AUTOMOBILE,9,10,1,AUTOMOBILE_citycar,7,4.857142857142857,0.21875,1,13,0.09375,0.1121587449607738,0.1357293067590425,False,many_exemplars,20,6.52896785736084,6.6970648765563965,9.211615562438965,7.7089033126831055,5.968063831329346,9.811187744140625
203,VEHICLES,car,AUTOMOBILE,9,10,1,AUTOMOBILE_4x4,6,9.833333333333334,0.1875,1,33,0.0625,0.07825516550928255,0.1266427102137784,False,many_exemplars,20,6.258900165557861,6.334560394287109,8.193496704101562,6.7521653175354,4.7761945724487305,8.484708786010742
222,VEHICLES,car,AUTOMOBILE,9,10,1,AUTOMOBILE_utilitaria,6,4.333333333333333,0.1875,1,12,0.03125,0.0793532922569957,0.1136848584321894,False,many_exemplars,20,6.519401550292969,6.510025501251221,9.475057601928711,7.384218215942383,5.7931132316589355,8.685457229614258
206,VEHICLES,car,AUTOMOBILE,9,10,1,AUTOMOBILE_a metano,5,13.0,0.15625,2,41,0.0,0.02927392385067043,0.0996081098079092,False,many_exemplars,20,6.56572151184082,6.572506427764893,9.904265403747559,7.934492111206055,5.964554309844971,9.357112884521484
209,VEHICLES,car,AUTOMOBILE,9,10,1,AUTOMOBILE_coup√©,7,3.857142857142857,0.21875,2,8,0.0,0.08677722677579128,0.09754831241710406,False,many_exemplars,20,6.1139044761657715,6.441873550415039,8.34854793548584,7.030571937561035,4.868769645690918,7.900741100311279
220,VEHICLES,car,AUTOMOBILE,9,10,1,AUTOMOBILE_station wagon,7,5.714285714285714,0.21875,2,11,0.0,0.06187180311885637,0.0928765869046646,False,many_exemplars,20,6.345067501068115,6.263828277587891,8.336923599243164,6.991848468780518,5.440877437591553,8.060395240783691
215,VEHICLES,car,AUTOMOBILE,9,10,1,AUTOMOBILE_fuoristrada,7,5.0,0.21875,1,8,0.03125,0.06912123403327199,0.07776892828520297,False,many_exemplars,20,6.053832054138184,6.121728420257568,8.172523498535156,6.671080589294434,4.772433757781982,7.179643630981445
205,VEHICLES,car,AUTOMOBILE,9,10,1,AUTOMOBILE_a gpl,4,14.75,0.125,3,39,0.0,0.00820652277867856,0.07140898119057353,False,many_exemplars,20,6.550113201141357,6.718756198883057,9.690164566040039,7.812419891357422,5.799376010894775,9.817632675170898
212,VEHICLES,car,AUTOMOBILE,9,10,1,AUTOMOBILE_decappottabile,8,4.75,0.25,2,7,0.0,0.08140560991729456,0.06905186769574388,False,many_exemplars,20,6.4993462562561035,6.691808223724365,9.400113105773926,7.750936031341553,6.250268459320068,7.702208995819092
210,VEHICLES,car,AUTOMOBILE,9,10,1,AUTOMOBILE_crossover,5,6.2,0.15625,3,12,0.0,0.01904478332531399,0.06236286496857209,False,many_exemplars,20,6.463082790374756,6.626392364501953,8.348729133605957,6.659233570098877,4.93052864074707,9.582154273986816
217,VEHICLES,car,AUTOMOBILE,9,10,1,AUTOMOBILE_limousine,5,6.0,0.15625,2,11,0.0,0.02694321778914005,0.06233672407662037,False,many_exemplars,20,6.224045276641846,6.244424819946289,8.272791862487793,7.084242343902588,4.989220142364502,9.171003341674805
214,VEHICLES,car,AUTOMOBILE,9,10,1,AUTOMOBILE_familiare,4,3.25,0.125,1,6,0.03125,0.04541461054740227,0.05929052893411976,False,many_exemplars,20,6.293669700622559,6.608329772949219,8.381637573242188,6.885982513427734,5.252668857574463,9.776620864868164
223,ANIMALS,cock,GALLO,73,8,12,GALLO_cedrone,17,1.058823529411765,0.53125,1,2,0.5,0.5270657577205459,0.5031330888663376,False,few_exemplars,2,6.425122261047363,6.5298309326171875,8.674577713012695,7.4546074867248535,5.530519485473633,9.574233055114746
224,ANIMALS,cock,GALLO,73,8,12,GALLO_nero,5,2.0,0.15625,1,3,0.03125,0.09389848049374752,0.06406778599562386,False,few_exemplars,2,6.393192291259766,6.517775535583496,9.383443832397461,7.695260524749756,5.748137474060059,9.382973670959473
227,BODY PARTS,brain,CERVELLO,36,5,1,CERVELLO_umano,15,1.4,0.46875,1,4,0.375,0.4431040497273488,0.3993947796088251,False,few_exemplars,3,6.188365936279297,6.196051120758057,7.8893890380859375,6.949730396270752,4.625132083892822,8.690130233764648
225,BODY PARTS,brain,CERVELLO,36,5,1,CERVELLO_animale,13,2.153846153846154,0.40625,1,4,0.0625,0.3290791354464969,0.1952612866689836,False,few_exemplars,3,6.514481544494629,6.590644836425781,8.57349681854248,7.708029270172119,5.311923503875732,8.932367324829102
226,BODY PARTS,brain,CERVELLO,36,5,1,CERVELLO_rettiliano,4,1.5,0.125,1,2,0.0625,0.09153493877255696,0.06876617773267524,False,few_exemplars,3,6.540843963623047,6.55279541015625,9.020917892456055,7.412450790405273,5.684861660003662,8.58858871459961
230,CLOTHES,waistcoat,GILET,78,2,10,GILET_doppiopetto,12,2.75,0.375,1,8,0.09375,0.2825865675694587,0.2524236184369505,False,few_exemplars,6,6.3792595863342285,6.449579238891602,8.628829002380371,8.022913932800293,5.814305782318115,7.821572303771973
232,CLOTHES,waistcoat,GILET,78,2,10,GILET_monopetto,10,2.3,0.3125,1,7,0.1875,0.2513575983830871,0.2378289576094836,False,few_exemplars,6,6.574248313903809,6.5138349533081055,8.746702194213867,7.564136981964111,6.0220627784729,9.146143913269043
231,CLOTHES,waistcoat,GILET,78,2,10,GILET_elegante,5,1.8,0.15625,1,3,0.0625,0.1075639533435302,0.08542288695252845,False,few_exemplars,6,6.458451271057129,6.527080535888672,8.670639038085938,7.197168827056885,5.658078670501709,9.387595176696777
229,CLOTHES,waistcoat,GILET,78,2,10,GILET_di lana,4,1.5,0.125,1,2,0.0625,0.09153493877255696,0.06876617773267524,False,few_exemplars,6,6.810401916503906,6.795671463012695,9.374019622802734,7.647078514099121,5.859633445739746,9.687623023986816
233,CLOTHES,waistcoat,GILET,78,2,10,GILET_smanicato,5,2.8,0.15625,1,4,0.03125,0.06986524192911894,0.05877786847516278,False,few_exemplars,6,6.491472244262695,6.671157360076904,8.867154121398926,7.5510759353637695,5.9838104248046875,8.980425834655762
228,CLOTHES,waistcoat,GILET,78,2,10,GILET_di jeans,4,1.75,0.125,1,2,0.03125,0.07480240815883546,0.04064926659901285,False,few_exemplars,6,6.596447467803955,6.667199611663818,9.213540077209473,7.960302352905273,5.970083713531494,9.125914573669434
236,FOODS,cereal,CEREALE,35,12,10,CEREALE_grano,20,2.2,0.625,1,5,0.28125,0.5475684406046537,0.3986747991986371,False,few_exemplars,9,6.14203405380249,6.294600486755371,8.613956451416016,7.115734100341797,5.263478755950928,7.857941150665283
234,FOODS,cereal,CEREALE,35,12,10,CEREALE_avena,21,3.619047619047619,0.65625,1,9,0.15625,0.4990725797545739,0.3626378344148798,False,few_exemplars,9,6.212490081787109,6.249485492706299,8.74350357055664,6.966775894165039,5.160526275634766,8.642571449279785
235,FOODS,cereal,CEREALE,35,12,10,CEREALE_farro,19,3.105263157894737,0.59375,1,8,0.125,0.4650320256776683,0.344005268401798,False,few_exemplars,9,6.235752582550049,6.213918209075928,8.50524616241455,7.176707744598389,5.296754837036133,8.009712219238281
239,FOODS,cereal,CEREALE,35,12,10,CEREALE_orzo,16,3.3125,0.5,1,6,0.125,0.3626557312680729,0.2303526355363171,False,few_exemplars,9,6.183945655822754,6.215322971343994,8.817163467407227,7.451448917388916,5.391402244567871,8.418503761291504
237,FOODS,cereal,CEREALE,35,12,10,CEREALE_mais,16,3.625,0.5,1,6,0.03125,0.3429688937236672,0.1850684535952332,False,few_exemplars,9,6.4830403327941895,6.487756729125977,9.544957160949707,8.350531578063965,6.195475101470947,9.964916229248047
242,FOODS,cereal,CEREALE,35,12,10,CEREALE_segale,12,4.666666666666667,0.375,2,7,0.0,0.1901855200482657,0.1220792651057326,False,few_exemplars,9,6.39673376083374,6.451018333435059,10.118206977844238,7.835099220275879,6.020813465118408,8.33724308013916
241,FOODS,cereal,CEREALE,35,12,10,CEREALE_riso,11,3.181818181818182,0.34375,2,5,0.0,0.2158036858559622,0.1207874361305667,False,few_exemplars,9,6.180214881896973,6.227690696716309,9.01771068572998,7.27923059463501,5.292351245880127,7.9600830078125
240,FOODS,cereal,CEREALE,35,12,10,CEREALE_quinoa,5,3.8,0.15625,2,6,0.0,0.04563305539416847,0.05541319105947915,False,few_exemplars,9,6.117138385772705,6.204642295837402,8.226137161254883,7.153528690338135,4.895641803741455,7.679711818695068
238,FOODS,cereal,CEREALE,35,12,10,CEREALE_miglio,4,6.25,0.125,2,9,0.0,0.01540735624425933,0.03817407346678982,False,few_exemplars,9,6.220506191253662,6.211901664733887,9.592469215393066,8.161229133605957,5.692911624908447,8.61606502532959
244,FURNISHINGS/FITTINGS,meter,METRO,105,10,10,METRO_da sartoria,13,1.461538461538462,0.40625,1,4,0.3125,0.3771835172386706,0.3368947796088251,False,few_exemplars,3,6.627793312072754,6.694487571716309,9.615039825439453,7.786981582641602,5.886753559112549,9.509516716003418
243,FURNISHINGS/FITTINGS,meter,METRO,105,10,10,METRO_a nastro,12,2.25,0.375,2,3,0.0,0.2898944029182811,0.0984533579868716,False,few_exemplars,3,6.525317668914795,6.547720909118652,9.239506721496582,7.655025005340576,6.147136211395264,9.681572914123535
245,FURNISHINGS/FITTINGS,meter,METRO,105,10,10,METRO_laser,4,2.0,0.125,1,4,0.0625,0.0801505582526161,0.0801505582526161,False,few_exemplars,3,6.561390399932861,6.5723652839660645,9.824042320251465,7.730221748352051,6.158661842346191,10.067693710327148
246,FURNITURE,dresser,COM√í,45,4,3,COM√í_a cassetti,9,1.333333333333333,0.28125,1,2,0.1875,0.2578253031347796,0.1968992665990129,False,few_exemplars,3,6.582357883453369,6.757172584533691,9.457777976989746,7.916868209838867,6.821850776672363,8.723616600036621
248,FURNITURE,dresser,COM√í,45,4,3,COM√í_di legno,8,1.5,0.25,1,3,0.1875,0.2198956352623817,0.1937661777326752,False,few_exemplars,3,6.540050506591797,6.66301965713501,9.381959915161133,7.689084053039551,6.526203155517578,8.926562309265137
247,FURNITURE,dresser,COM√í,45,4,3,COM√í_comodino,10,1.7,0.3125,1,3,0.125,0.2647581023074352,0.1776075840818147,False,few_exemplars,3,6.232044696807861,6.548573970794678,9.627669334411621,7.755888938903809,6.622691631317139,8.297701835632324
252,HOBBIES,computer,COMPUTER,47,8,2,COMPUTER_portatile,40,1.95,1.25,1,6,0.625,1.185146929309345,0.9189882967231708,False,few_exemplars,4,6.600011825561523,6.577683925628662,10.074665069580078,8.341517448425293,6.205241680145264,9.156956672668457
249,HOBBIES,computer,COMPUTER,47,8,2,COMPUTER_fisso,29,1.896551724137931,0.90625,1,4,0.21875,0.8431329094786516,0.5112034499180469,False,few_exemplars,4,6.511074542999268,6.433267593383789,9.277912139892578,7.768333911895752,5.988484859466553,9.7403564453125
251,HOBBIES,computer,COMPUTER,47,8,2,COMPUTER_pc,4,2.25,0.125,1,5,0.0625,0.07847297408072797,0.08321761601655499,False,few_exemplars,4,6.316326141357422,6.420154094696045,9.529373168945312,7.84878396987915,5.546136856079102,9.904898643493652
250,HOBBIES,computer,COMPUTER,47,8,2,COMPUTER_mini,5,3.8,0.15625,3,6,0.0,0.03701560935668237,0.04835607875112821,False,few_exemplars,4,6.572290420532227,6.609186172485352,10.122438430786133,8.343074798583984,6.337063312530518,10.150959014892578
253,HOUSING BUILDINGS,living room,SOGGIORNO,159,14,1,SOGGIORNO_open space,6,2.0,0.1875,1,4,0.125,0.1407236595662348,0.1312661777326752,False,few_exemplars,2,6.42697286605835,6.388239860534668,9.028693199157715,7.495563507080078,5.764828681945801,8.596002578735352
254,HOUSING BUILDINGS,living room,SOGGIORNO,159,14,1,SOGGIORNO_salotto,4,1.5,0.125,1,2,0.0625,0.09153493877255696,0.06876617773267524,False,few_exemplars,2,6.154179096221924,6.273745059967041,8.243244171142578,7.121105194091797,5.387420654296875,8.144055366516113
258,KITCHENWARE,colander,SCOLAPASTA,151,12,7,SCOLAPASTA_di plastica,20,1.6,0.625,1,4,0.40625,0.5849961274902714,0.4773302766339982,False,few_exemplars,6,6.313133239746094,6.336472034454346,8.32898998260498,6.851161956787109,5.6518940925598145,8.476248741149902
256,KITCHENWARE,colander,SCOLAPASTA,151,12,7,SCOLAPASTA_di acciaio,17,1.88235294117647,0.53125,1,3,0.15625,0.4701671226196922,0.2547033579868716,False,few_exemplars,6,6.314366340637207,6.363776683807373,7.823694705963135,6.899192810058594,5.517007827758789,7.724267482757568
257,KITCHENWARE,colander,SCOLAPASTA,151,12,7,SCOLAPASTA_di metallo,5,1.6,0.15625,1,2,0.0625,0.1152535814506521,0.07189926659901286,False,few_exemplars,6,6.490834712982178,6.612207412719727,8.57154655456543,7.482079982757568,5.948633193969727,8.794633865356445
255,KITCHENWARE,colander,SCOLAPASTA,151,12,7,SCOLAPASTA_con manico,4,4.25,0.125,2,9,0.0,0.03223581944419265,0.06320742111427916,False,few_exemplars,6,6.464369773864746,6.673449516296387,8.464414596557617,7.526660919189453,6.238438606262207,8.825959205627441
259,KITCHENWARE,colander,SCOLAPASTA,151,12,7,SCOLAPASTA_di silicone,5,2.6,0.15625,2,4,0.0,0.06821638836165059,0.05342971838138213,False,few_exemplars,6,6.565316677093506,6.697762966156006,8.05356216430664,7.341587066650391,5.764026165008545,8.152815818786621
260,KITCHENWARE,colander,SCOLAPASTA,151,12,7,SCOLAPASTA_pieghevole,6,3.5,0.1875,2,5,0.0,0.06532175812194962,0.05164322983855197,False,few_exemplars,6,6.231134414672852,6.509690284729004,7.602003574371338,6.570704936981201,5.119372367858887,7.174345970153809
261,PLANTS,sunflower,GIRASOLE,82,2,12,GIRASOLE_giallo,8,1.125,0.25,1,2,0.21875,0.2412484844150604,0.2218830888663376,False,few_exemplars,1,6.090604782104492,6.119533538818359,9.108722686767578,7.591548442840576,5.2395806312561035,7.369033336639404
263,STATIONERY,stapler,SPILLATRICE,162,1,1,SPILLATRICE_tascabile,6,1.833333333333333,0.1875,1,4,0.09375,0.1410670576273003,0.1259180276388946,False,few_exemplars,2,6.699153900146484,6.882298946380615,9.234162330627441,7.529183387756348,5.757266521453857,8.343586921691895
262,STATIONERY,stapler,SPILLATRICE,162,1,1,SPILLATRICE_manuale,5,1.6,0.15625,1,2,0.0625,0.1152535814506521,0.07189926659901286,False,few_exemplars,2,6.734768390655518,6.840804100036621,8.969918251037598,7.173699378967285,5.461493015289307,9.136212348937988
264,VEHICLES,van,FURGONE,72,3,5,FURGONE_camperizzato,9,2.666666666666667,0.28125,1,7,0.125,0.1990736289230264,0.1852118010636614,False,few_exemplars,2,6.327542781829834,6.442370891571045,9.027809143066406,7.260204792022705,6.235852241516113,7.744285583496094
265,VEHICLES,van,FURGONE,72,3,5,FURGONE_van,4,1.25,0.125,1,2,0.09375,0.1082674693862785,0.09688308886633762,False,few_exemplars,2,6.4034600257873535,6.484585285186768,9.612525939941406,7.778561115264893,6.102136611938477,8.804978370666504
267,ANIMALS,bear,ORSO,116,1,7,ORSO_bruno,31,1.548387096774194,0.96875,1,3,0.53125,0.930053595741788,0.6494931560730623,False,medium_exemplars,8,6.34473180770874,6.453893184661865,10.019240379333496,8.288809776306152,6.3622612953186035,8.78464412689209
273,ANIMALS,bear,ORSO,116,1,7,ORSO_polare,21,2.380952380952381,0.65625,1,6,0.21875,0.5661520206644121,0.4063752479956023,False,medium_exemplars,8,6.759514331817627,6.942698001861572,9.574380874633789,8.097039222717285,6.327009201049805,9.39797592163086
266,ANIMALS,bear,ORSO,116,1,7,ORSO_bianco,14,2.285714285714286,0.4375,1,7,0.0625,0.3570733901130962,0.2931460789381936,False,medium_exemplars,8,6.324560165405273,6.4727654457092285,8.838406562805176,6.917963027954102,5.491245269775391,7.9701104164123535
268,ANIMALS,bear,ORSO,116,1,7,ORSO_grizzly,16,2.5625,0.5,1,5,0.125,0.4002464880877206,0.2532840524849952,False,medium_exemplars,8,6.275631427764893,6.527078628540039,7.584484577178955,6.755821228027344,4.663596153259277,6.863713264465332
270,ANIMALS,bear,ORSO,116,1,7,ORSO_nero,7,4.285714285714286,0.21875,3,6,0.0,0.06690994417719644,0.05369027763203709,False,medium_exemplars,8,6.429588794708252,6.634528636932373,9.244819641113281,7.4840521812438965,5.818338871002197,8.295998573303223
269,ANIMALS,bear,ORSO,116,1,7,ORSO_marsicano,5,3.6,0.15625,2,5,0.0,0.04174833079545655,0.04174833079545655,False,medium_exemplars,8,6.206643104553223,6.4998602867126465,8.672504425048828,7.249208927154541,6.348794460296631,9.46757984161377
272,ANIMALS,bear,ORSO,116,1,7,ORSO_panda,4,4.75,0.125,4,6,0.0,0.008397850262108876,0.02381979299841367,False,medium_exemplars,8,6.334218502044678,6.412449359893799,8.424271583557129,7.749682903289795,5.30289363861084,8.219878196716309
271,ANIMALS,bear,ORSO,116,1,7,ORSO_orsetto lavatore,4,4.25,0.125,3,5,0.0,0.01278831961144564,0.02172898464367373,False,medium_exemplars,8,6.331455230712891,6.5462727546691895,9.010702133178711,7.500218391418457,5.942886829376221,7.000064373016357
275,BODY PARTS,head,TESTA,173,2,1,TESTA_grande,7,2.0,0.21875,1,7,0.15625,0.1806826409348954,0.1806826409348954,False,medium_exemplars,7,6.463479995727539,6.633670330047607,10.248529434204102,8.659664154052734,6.812081813812256,10.87651538848877
276,BODY PARTS,head,TESTA,173,2,1,TESTA_ovale,6,2.166666666666667,0.1875,1,3,0.0625,0.1195887740237646,0.08179416564210827,False,medium_exemplars,7,6.500065803527832,6.469040393829346,8.618242263793945,7.304162502288818,5.39382791519165,9.558873176574707
280,BODY PARTS,head,TESTA,173,2,1,TESTA_rotonda,5,2.2,0.15625,1,4,0.03125,0.08957148931855517,0.07793549702517308,False,medium_exemplars,7,6.423331260681152,6.56727409362793,9.790532112121582,8.101784706115723,6.1560163497924805,10.115354537963867
274,BODY PARTS,head,TESTA,173,2,1,TESTA_dura,5,1.6,0.15625,1,2,0.0625,0.1152535814506521,0.07189926659901286,False,medium_exemplars,7,6.631543159484863,6.616983890533447,9.676262855529785,7.812243461608887,6.176911354064941,10.015151023864746
279,BODY PARTS,head,TESTA,173,2,1,TESTA_quadrata,4,2.5,0.125,1,5,0.03125,0.06174044346700645,0.06955214316677236,False,medium_exemplars,7,6.4919114112854,6.649466037750244,9.325794219970703,7.487237453460693,5.901081562042236,9.16739559173584
277,BODY PARTS,head,TESTA,173,2,1,TESTA_pelata,4,2.0,0.125,1,3,0.0625,0.07598844271241811,0.06876617773267524,False,medium_exemplars,7,6.521731853485107,6.657769680023193,9.746806144714355,8.157880783081055,6.294402599334717,10.379701614379883
278,BODY PARTS,head,TESTA,173,2,1,TESTA_piccola,5,2.2,0.15625,2,3,0.0,0.08023300764396488,0.04271268503871928,False,medium_exemplars,7,6.514948844909668,6.457413196563721,9.978829383850098,8.01021671295166,6.468234062194824,9.950281143188477
283,CLOTHES,t-shirts,T-SHIRT,163,10,7,T-SHIRT_a maniche corte,15,2.066666666666667,0.46875,1,5,0.21875,0.4016886550957593,0.3132519122461087,False,medium_exemplars,12,6.531827449798584,6.6710524559021,9.112548828125,7.616696834564209,6.006356716156006,9.057899475097656
284,CLOTHES,t-shirts,T-SHIRT,163,10,7,T-SHIRT_a maniche lunghe,16,2.375,0.5,1,6,0.09375,0.4114462516164842,0.2999269901278597,False,medium_exemplars,12,6.6423563957214355,6.821750640869141,9.206611633300781,7.630865097045898,5.895604610443115,8.871726036071777
288,CLOTHES,t-shirts,T-SHIRT,163,10,7,T-SHIRT_con scollo a v,14,3.142857142857143,0.4375,1,7,0.125,0.3158618898656998,0.2411084161214442,False,medium_exemplars,12,6.6536664962768555,6.825263977050781,9.01301383972168,7.657979965209961,5.635023593902588,8.684350967407227
285,CLOTHES,t-shirts,T-SHIRT,163,10,7,T-SHIRT_bianca,6,3.166666666666667,0.1875,1,9,0.09375,0.1148537677806093,0.1276584128413102,False,medium_exemplars,12,6.255318641662598,6.399487495422363,9.081771850585938,7.378998756408691,5.2917799949646,7.808131694793701
286,CLOTHES,t-shirts,T-SHIRT,163,10,7,T-SHIRT_colorata,9,4.0,0.28125,2,8,0.0,0.1357855398664617,0.1245900448510315,False,medium_exemplars,12,6.57374906539917,6.504509449005127,10.016737937927246,7.95648193359375,6.162108898162842,9.132185935974121
292,CLOTHES,t-shirts,T-SHIRT,163,10,7,T-SHIRT_polo,7,4.714285714285714,0.21875,1,8,0.0625,0.09001588018719149,0.09657909878941068,False,medium_exemplars,12,6.256310939788818,6.404263019561768,9.591531753540039,7.654019355773926,5.660256862640381,8.384601593017578
282,CLOTHES,t-shirts,T-SHIRT,163,10,7,T-SHIRT_a girocollo,5,2.8,0.15625,1,5,0.03125,0.07175741410274582,0.07175741410274582,False,medium_exemplars,12,6.140877723693848,6.362098217010498,8.678718566894531,7.063177585601807,5.2734551429748535,8.17120361328125
289,CLOTHES,t-shirts,T-SHIRT,163,10,7,T-SHIRT_con stampa,5,3.8,0.15625,2,7,0.0,0.0439342842411259,0.06336247875054775,False,medium_exemplars,12,6.64107608795166,6.674093723297119,9.436346054077148,7.870371341705322,5.764121055603027,8.862471580505371
290,CLOTHES,t-shirts,T-SHIRT,163,10,7,T-SHIRT_in cotone,4,5.75,0.125,1,9,0.03125,0.03230807950730202,0.04737352233097376,False,medium_exemplars,12,6.872437953948975,6.67086124420166,9.967390060424805,7.829676151275635,6.2264723777771,9.390589714050293
287,CLOTHES,t-shirts,T-SHIRT,163,10,7,T-SHIRT_con maniche a tre quarti,4,3.5,0.125,2,5,0.0,0.02585028430327464,0.03618042292755348,False,medium_exemplars,12,6.758530139923096,6.787271022796631,8.569581031799316,7.424231052398682,5.903857231140137,8.722090721130371
291,CLOTHES,t-shirts,T-SHIRT,163,10,7,T-SHIRT_oversize,4,4.75,0.125,3,6,0.0,0.01033139858009218,0.02551289803191123,False,medium_exemplars,12,6.339349746704102,6.356367111206055,8.842150688171387,7.439067363739014,5.31427001953125,8.230571746826172
281,CLOTHES,t-shirts,T-SHIRT,163,10,7,T-SHIRT_a collo alto,5,6.0,0.15625,4,7,0.0,0.01107801886051841,0.0253546059878317,False,medium_exemplars,12,6.52345085144043,6.687626361846924,9.547822952270508,7.640988349914551,5.999107837677002,9.18337631225586
297,FOODS,salad,INSALATA,88,2,3,INSALATA_iceberg,18,3.166666666666667,0.5625,1,7,0.1875,0.4366264608080093,0.3219548109734636,False,medium_exemplars,17,6.374410629272461,6.311154842376709,8.4978609085083,7.489972114562988,5.341449737548828,8.368563652038574
306,FOODS,salad,INSALATA,88,2,3,INSALATA_russa,11,4.181818181818182,0.34375,1,17,0.21875,0.2511385986900265,0.2661227980931344,False,medium_exemplars,17,6.497374057769775,6.485116481781006,9.324467658996582,7.420597076416016,5.681229114532471,8.044021606445312
300,FOODS,salad,INSALATA,88,2,3,INSALATA_mista,10,3.4,0.3125,1,15,0.125,0.2220580219566615,0.2418427039059748,False,medium_exemplars,17,6.315688133239746,6.438758850097656,9.079771995544434,7.420373439788818,5.528843879699707,7.860763072967529
299,FOODS,salad,INSALATA,88,2,3,INSALATA_lattuga,14,3.0,0.4375,1,7,0.0625,0.3173705778050909,0.2339633014717857,False,medium_exemplars,17,5.913946151733398,6.120811462402344,8.046855926513672,6.645667552947998,4.806073188781738,6.945455551147461
305,FOODS,salad,INSALATA,88,2,3,INSALATA_rucola,17,4.588235294117647,0.53125,1,9,0.03125,0.3284699962567059,0.2175881395164162,False,medium_exemplars,17,5.868305206298828,6.109187602996826,8.041935920715332,7.1300435066223145,5.086241722106934,6.625927925109863
303,FOODS,salad,INSALATA,88,2,3,INSALATA_riccia,10,3.3,0.3125,1,8,0.03125,0.19399882969029,0.1744788863037898,False,medium_exemplars,17,6.171864032745361,6.18324089050293,9.293561935424805,7.680344581604004,5.7554850578308105,7.711060047149658
298,FOODS,salad,INSALATA,88,2,3,INSALATA_indivia,8,4.875,0.25,3,12,0.0,0.09330811716785004,0.1277039707154858,False,medium_exemplars,17,6.184131145477295,6.417819976806641,9.009193420410156,7.2515034675598145,5.5922393798828125,7.777124881744385
293,FOODS,salad,INSALATA,88,2,3,INSALATA_caesar salad,5,5.8,0.15625,2,20,0.0,0.06264904307182796,0.1107248240778972,False,medium_exemplars,17,5.92172384262085,5.998747825622559,7.120992660522461,6.326226711273193,4.497090816497803,6.1237874031066895
304,FOODS,salad,INSALATA,88,2,3,INSALATA_romana,8,2.875,0.25,1,5,0.03125,0.1448978823171861,0.1048047481639617,False,medium_exemplars,17,6.2972798347473145,6.213361740112305,8.989027976989746,7.451531410217285,5.5747785568237305,7.686824798583984
302,FOODS,salad,INSALATA,88,2,3,INSALATA_radicchio,8,5.875,0.25,2,11,0.0,0.06734319699006772,0.09458024219670227,False,medium_exemplars,17,5.8365020751953125,5.934584140777588,7.641410827636719,6.6153645515441895,4.716080665588379,6.437129020690918
296,FOODS,salad,INSALATA,88,2,3,INSALATA_greca,4,7.75,0.125,1,21,0.03125,0.04608159610294174,0.07791253302174034,False,medium_exemplars,17,6.298043251037598,6.28142786026001,8.974261283874512,7.049060344696045,5.307511806488037,7.779355525970459
295,FOODS,salad,INSALATA,88,2,3,INSALATA_di riso,5,7.8,0.15625,2,16,0.0,0.03307066674787411,0.07692258146002014,False,medium_exemplars,17,6.272556781768799,6.346273899078369,8.605220794677734,6.949136257171631,5.09418249130249,7.720860481262207
309,FOODS,salad,INSALATA,88,2,3,INSALATA_valeriana,9,4.888888888888889,0.28125,2,7,0.0,0.1010188500955614,0.07512052495807113,False,medium_exemplars,17,6.2748847007751465,6.201701641082764,8.587358474731445,7.16706657409668,5.2003045082092285,7.274340629577637
294,FOODS,salad,INSALATA,88,2,3,INSALATA_di pollo,4,5.25,0.125,2,12,0.0,0.03049724019501952,0.06738078227918563,False,medium_exemplars,17,6.239034652709961,6.3013916015625,8.401253700256348,7.384481430053711,5.113492488861084,7.36876916885376
301,FOODS,salad,INSALATA,88,2,3,INSALATA_misticanza,4,6.75,0.125,1,11,0.03125,0.03275162848322139,0.05078011457851115,False,medium_exemplars,17,6.12255859375,6.247529029846191,7.618868350982666,6.750255584716797,5.0434441566467285,6.715117454528809
307,FOODS,salad,INSALATA,88,2,3,INSALATA_scarola,5,4.6,0.15625,4,7,0.0,0.02326368260842693,0.04271268503871928,False,medium_exemplars,17,6.243792533874512,6.273410797119141,8.613615036010742,7.316242218017578,5.376773834228516,6.91467809677124
308,FOODS,salad,INSALATA,88,2,3,INSALATA_songino,5,4.8,0.15625,4,5,0.0,0.01810026333325354,0.01810026333325354,False,medium_exemplars,17,6.501483917236328,6.5591840744018555,9.601887702941895,7.787193775177002,5.711211204528809,8.496620178222656
310,FURNISHINGS/FITTINGS,picture,QUADRO,138,8,8,QUADRO_astratto,9,2.888888888888889,0.28125,1,7,0.125,0.190286168272102,0.1759666603772952,False,medium_exemplars,8,6.331158638000488,6.288992881774902,9.054046630859375,7.6142096519470215,5.991976737976074,9.335808753967285
313,FURNISHINGS/FITTINGS,picture,QUADRO,138,8,8,QUADRO_elettrico,7,1.285714285714286,0.21875,1,2,0.15625,0.1988491041371155,0.1625161777326752,False,medium_exemplars,8,6.243233680725098,6.397243022918701,8.189817428588867,6.767987251281738,5.287377834320068,8.37578010559082
316,FURNISHINGS/FITTINGS,picture,QUADRO,138,8,8,QUADRO_ritratto,9,3.555555555555556,0.28125,1,8,0.0625,0.1675602793685418,0.1595849172199899,False,medium_exemplars,8,6.1386895179748535,6.218151569366455,8.10348892211914,6.561372756958008,4.722658157348633,8.001748085021973
312,FURNISHINGS/FITTINGS,picture,QUADRO,138,8,8,QUADRO_dipinto,6,1.5,0.1875,1,2,0.09375,0.1529328417662743,0.1031492665990129,False,medium_exemplars,8,6.275351524353027,6.230398654937744,8.529243469238281,6.915017127990723,5.21750545501709,8.546627044677734
314,FURNISHINGS/FITTINGS,picture,QUADRO,138,8,8,QUADRO_natura morta,5,5.2,0.15625,2,10,0.0,0.03255227619770448,0.06603200125148909,False,medium_exemplars,8,6.030187606811523,6.315545082092285,7.854503154754639,6.882298469543457,5.079328536987305,7.626434326171875
311,FURNISHINGS/FITTINGS,picture,QUADRO,138,8,8,QUADRO_con cornice,5,3.0,0.15625,1,5,0.03125,0.06406778599562386,0.06406778599562386,False,medium_exemplars,8,6.590610504150391,6.667447090148926,9.196052551269531,8.077682495117188,6.143710136413574,9.67505168914795
317,FURNISHINGS/FITTINGS,picture,QUADRO,138,8,8,QUADRO_su tela,5,3.6,0.15625,1,6,0.03125,0.05404371913839461,0.06256046846646347,False,medium_exemplars,8,6.543587684631348,6.471747398376465,9.444714546203613,7.884030342102051,6.0061821937561035,10.01224422454834
315,FURNISHINGS/FITTINGS,picture,QUADRO,138,8,8,QUADRO_paesaggistico,5,4.2,0.15625,3,7,0.0,0.03380983713243849,0.05342971838138213,False,medium_exemplars,8,6.136116981506348,6.116429805755615,7.661384105682373,6.65661096572876,5.250587463378906,8.200572967529297
325,FURNITURE,bed,LETTO,94,12,1,LETTO_matrimoniale,36,3.194444444444445,1.125,1,10,0.25,0.9839974003409944,0.7306357997419775,False,medium_exemplars,9,6.503299713134766,6.613629341125488,8.625253677368164,7.211289405822754,5.252192497253418,8.058959007263184
326,FURNITURE,bed,LETTO,94,12,1,LETTO_singolo,29,3.034482758620689,0.90625,1,10,0.1875,0.7777309394725676,0.60348457962823,False,medium_exemplars,9,6.563766956329346,6.636801242828369,8.78085994720459,7.588696002960205,5.703967571258545,9.942482948303223
319,FURNITURE,bed,LETTO,94,12,1,LETTO_a castello,21,3.238095238095238,0.65625,1,10,0.3125,0.529366354474523,0.4452955148868213,False,medium_exemplars,9,6.554500102996826,6.527137279510498,9.371794700622559,7.485292911529541,5.929502010345459,10.156415939331055
320,FURNITURE,bed,LETTO,94,12,1,LETTO_a una piazza e mezza,18,4.166666666666667,0.5625,2,11,0.0,0.3787110270249397,0.2957201622738703,False,medium_exemplars,9,6.477675914764404,6.633812427520752,8.311747550964355,7.253631114959717,5.654963970184326,9.46264934539795
318,FURNITURE,bed,LETTO,94,12,1,LETTO_a baldacchino,5,4.0,0.15625,1,8,0.0625,0.07038914423218719,0.08333931338116667,False,medium_exemplars,9,6.188541889190674,6.321117877960205,8.426820755004883,6.740187168121338,5.36934232711792,8.446364402770996
324,FURNITURE,bed,LETTO,94,12,1,LETTO_king size,7,4.428571428571429,0.21875,2,7,0.0,0.07008089436960427,0.07008089436960427,False,medium_exemplars,9,6.482578754425049,6.480472087860107,9.021556854248047,7.62489652633667,5.849894046783447,9.592342376708984
322,FURNITURE,bed,LETTO,94,12,1,LETTO_alla francese,6,3.333333333333333,0.1875,2,5,0.0,0.07259565201015,0.05933285794567392,False,medium_exemplars,9,6.522774696350098,6.550483703613281,8.935135841369629,7.063401699066162,5.812552452087402,9.707450866699219
321,FURNITURE,bed,LETTO,94,12,1,LETTO_ad acqua,5,4.4,0.15625,2,7,0.0,0.03473765506280264,0.05243855303359197,False,medium_exemplars,9,6.631566524505615,6.7367844581604,8.749248504638672,7.253529071807861,5.675390720367432,9.818950653076172
323,FURNITURE,bed,LETTO,94,12,1,LETTO_divano,7,5.0,0.21875,4,7,0.0,0.04989977237736468,0.04989977237736468,False,medium_exemplars,9,6.56146764755249,6.669131278991699,9.15699291229248,7.221397876739502,5.816259384155273,9.574374198913574
330,HOBBIES,reader,LETTORE,95,2,11,LETTORE_cd,16,1.9375,0.5,1,5,0.25,0.4398747807042659,0.348828903421301,False,medium_exemplars,10,6.485551357269287,6.427661895751953,9.017875671386719,7.638989448547363,5.783414363861084,9.20598030090332
334,HOBBIES,reader,LETTORE,95,2,11,LETTORE_dvd,17,2.352941176470588,0.53125,1,4,0.125,0.4425558977611891,0.252643083881718,False,medium_exemplars,10,6.336854457855225,6.435062408447266,8.841949462890625,7.644566059112549,5.844485759735107,8.887353897094727
335,HOBBIES,reader,LETTORE,95,2,11,LETTORE_mp3,8,2.875,0.25,1,5,0.0625,0.1473487311182563,0.1107805929066224,False,medium_exemplars,10,6.381304740905762,6.34078311920166,8.710515975952148,7.440296173095703,5.337757587432861,8.276017189025879
328,HOBBIES,reader,LETTORE,95,2,11,LETTORE_attento,5,1.8,0.15625,1,3,0.09375,0.1135397980861908,0.1000161777326752,False,medium_exemplars,10,6.488681316375732,6.451169967651367,9.000072479248047,7.662714004516602,6.110307693481445,9.111328125
336,HOBBIES,reader,LETTORE,95,2,11,LETTORE_usb,4,1.5,0.125,1,3,0.09375,0.1004942213562091,0.09688308886633762,False,medium_exemplars,10,6.533944129943848,6.508964538574219,9.057513236999512,7.498732566833496,5.66417932510376,9.33374309539795
332,HOBBIES,reader,LETTORE,95,2,11,LETTORE_di libri,4,4.25,0.125,1,12,0.0625,0.06925101808422213,0.08620316815017631,False,medium_exemplars,10,6.514207363128662,6.355895042419434,9.161335945129395,7.632575511932373,6.049335956573486,8.530377388000488
327,HOBBIES,reader,LETTORE,95,2,11,LETTORE_assiduo,4,2.25,0.125,1,3,0.03125,0.0592559120986966,0.04741107677577065,False,medium_exemplars,10,6.4605512619018555,6.559523582458496,9.158832550048828,7.402745246887207,5.7499237060546875,8.63965892791748
333,HOBBIES,reader,LETTORE,95,2,11,LETTORE_distratto,4,3.0,0.125,2,4,0.0,0.0353011165052322,0.0353011165052322,False,medium_exemplars,10,6.454611301422119,6.477871894836426,9.029762268066406,7.932168483734131,6.000781536102295,8.724222183227539
329,HOBBIES,reader,LETTORE,95,2,11,LETTORE_blu-ray,5,4.0,0.15625,3,5,0.0,0.03162388368676914,0.03162388368676914,False,medium_exemplars,10,6.157934665679932,6.270068645477295,7.824524879455566,7.074524402618408,5.1413164138793945,8.772797584533691
331,HOBBIES,reader,LETTORE,95,2,11,LETTORE_di codici a barre,4,5.5,0.125,4,7,0.0,0.005578881262791058,0.02436897387167261,False,medium_exemplars,10,6.594985485076904,6.545288562774658,8.252886772155762,7.411274433135986,5.596773147583008,8.130623817443848
340,HOUSING BUILDINGS,ceiling,SOFFITTO,158,8,5,SOFFITTO_alto,11,1.727272727272727,0.34375,1,4,0.21875,0.2997568544730869,0.2540511165052322,False,medium_exemplars,8,6.172566890716553,6.169816017150879,8.420790672302246,6.737548828125,4.977391242980957,8.914008140563965
338,HOUSING BUILDINGS,ceiling,SOFFITTO,158,8,5,SOFFITTO_a cupola,8,2.75,0.25,1,7,0.125,0.1688729093223844,0.1624403563388069,False,medium_exemplars,8,6.061610698699951,6.198071479797363,7.854703426361084,6.509972095489502,5.115045547485352,8.20989990234375
344,HOUSING BUILDINGS,ceiling,SOFFITTO,158,8,5,SOFFITTO_di legno,8,3.25,0.25,1,7,0.0625,0.1457528164252006,0.1372413260388576,False,medium_exemplars,8,6.235048294067383,6.319242000579834,8.297420501708984,6.805200576782227,5.278540134429932,8.584898948669434
343,HOUSING BUILDINGS,ceiling,SOFFITTO,158,8,5,SOFFITTO_contro,8,2.25,0.25,1,4,0.0625,0.175817223902375,0.1268360552777892,False,medium_exemplars,8,6.30618143081665,6.398282051086426,8.880674362182617,7.380350589752197,5.637522220611572,8.987306594848633
339,HOUSING BUILDINGS,ceiling,SOFFITTO,158,8,5,SOFFITTO_a volta,7,2.142857142857143,0.21875,1,4,0.0625,0.1508110246350471,0.1159297183813821,False,medium_exemplars,8,6.083162784576416,6.2591776847839355,8.830161094665527,7.1630730628967285,5.282871246337891,9.916873931884766
337,HOUSING BUILDINGS,ceiling,SOFFITTO,158,8,5,SOFFITTO_a cassettoni,6,2.5,0.1875,1,5,0.03125,0.1078496063660067,0.09703156936008513,False,medium_exemplars,8,6.261501789093018,6.4297661781311035,7.95480489730835,6.720407485961914,5.142882823944092,7.718495845794678
341,HOUSING BUILDINGS,ceiling,SOFFITTO,158,8,5,SOFFITTO_basso,6,2.166666666666667,0.1875,1,3,0.03125,0.1153402818340564,0.06720087486196148,False,medium_exemplars,8,6.137009143829346,6.3450703620910645,8.307038307189941,7.080244064331055,5.246040344238281,8.739607810974121
342,HOUSING BUILDINGS,ceiling,SOFFITTO,158,8,5,SOFFITTO_con travi,4,3.25,0.125,2,6,0.0,0.03645532796375018,0.05504203674441156,False,medium_exemplars,8,6.689389705657959,6.671690940856934,9.051071166992188,7.530301570892334,5.837774276733398,9.206011772155762
345,KITCHENWARE,pot,PENTOLA,127,7,11,PENTOLA_a pressione,20,1.5,0.625,1,4,0.46875,0.5917620179191314,0.5066332223212432,False,medium_exemplars,10,6.437217712402344,6.607059478759766,9.528646469116211,7.825486183166504,5.964300632476807,9.473069190979004
347,KITCHENWARE,pot,PENTOLA,127,7,11,PENTOLA_antiaderente,8,4.125,0.25,1,11,0.09375,0.1469011024890801,0.161057435703255,False,medium_exemplars,10,6.428569793701172,6.443994045257568,10.188953399658203,8.542396545410156,6.992334842681885,8.078412055969238
353,KITCHENWARE,pot,PENTOLA,127,7,11,PENTOLA_pentolino,8,4.125,0.25,2,9,0.0,0.1090161437613677,0.1189897978362021,False,medium_exemplars,10,6.1484503746032715,6.372832298278809,9.327016830444336,7.731136322021484,5.74167537689209,8.011566162109375
352,KITCHENWARE,pot,PENTOLA,127,7,11,PENTOLA_padella,8,1.875,0.25,1,3,0.0625,0.1911902397064926,0.1151075840818147,False,medium_exemplars,10,6.34810733795166,6.454898357391357,9.633172035217285,7.903627872467041,5.7276530265808105,8.075611114501953
349,KITCHENWARE,pot,PENTOLA,127,7,11,PENTOLA_di acciaio,6,3.166666666666667,0.1875,1,6,0.03125,0.09125508131025284,0.09125508131025284,False,medium_exemplars,10,6.473099708557129,6.330384731292725,8.653131484985352,7.53119421005249,5.6531782150268555,7.921008586883545
354,KITCHENWARE,pot,PENTOLA,127,7,11,PENTOLA_wok,4,3.25,0.125,1,9,0.0625,0.07708526119157655,0.0890748565779308,False,medium_exemplars,10,6.1555023193359375,6.21726131439209,8.631265640258789,7.2476911544799805,5.106532096862793,8.346633911132812
350,KITCHENWARE,pot,PENTOLA,127,7,11,PENTOLA_di rame,6,3.5,0.1875,1,6,0.03125,0.0793892971712788,0.0793892971712788,False,medium_exemplars,10,6.703216552734375,6.574349880218506,9.557027816772461,8.102938652038574,6.275238513946533,9.28586196899414
351,KITCHENWARE,pot,PENTOLA,127,7,11,PENTOLA_di terracotta,5,6.0,0.15625,2,11,0.0,0.02956299036683296,0.06341353743289302,False,medium_exemplars,10,6.352695465087891,6.371719837188721,8.830565452575684,7.571928024291992,5.685998439788818,7.8507184982299805
348,KITCHENWARE,pot,PENTOLA,127,7,11,PENTOLA_casseruola,4,2.5,0.125,1,4,0.03125,0.05564477960882516,0.05564477960882516,False,medium_exemplars,10,6.109910011291504,6.462673187255859,8.363021850585938,7.691679000854492,5.480137825012207,7.022400856018066
346,KITCHENWARE,pot,PENTOLA,127,7,11,PENTOLA_alta,4,3.75,0.125,2,5,0.0,0.0241727001313865,0.03374560392598801,False,medium_exemplars,10,6.446453094482422,6.473754405975342,9.688913345336914,7.618610858917236,6.002146244049072,8.902663230895996
358,PLANTS,fir,ABETE,1,9,5,ABETE_rosso,12,1.583333333333333,0.375,1,4,0.25,0.3379666186026394,0.2889122489951036,False,medium_exemplars,4,6.405224800109863,6.498891353607178,9.78328800201416,7.749400615692139,6.277866840362549,9.165245056152344
356,PLANTS,fir,ABETE,1,9,5,ABETE_bianco,13,1.615384615384615,0.40625,1,3,0.1875,0.3635961801879308,0.2500024831249101,False,medium_exemplars,4,6.250550270080566,6.453688144683838,9.003155708312988,7.074810981750488,5.754672527313232,8.179387092590332
357,PLANTS,fir,ABETE,1,9,5,ABETE_di natale,8,1.125,0.25,1,2,0.21875,0.2412484844150604,0.2218830888663376,False,medium_exemplars,4,6.219569683074951,6.221602439880371,9.244887351989746,7.552348613739014,6.004119873046875,8.050929069519043
355,PLANTS,fir,ABETE,1,9,5,ABETE_albero,4,1.5,0.125,1,3,0.09375,0.1004942213562091,0.09688308886633762,False,medium_exemplars,4,6.34227991104126,6.429875373840332,8.759033203125,7.52022123336792,5.934937477111816,8.622787475585938
366,STATIONERY,ruler,RIGHELLO,141,8,11,RIGHELLO_squadra,14,2.5,0.4375,1,8,0.09375,0.3483393022453133,0.2984297581552085,False,medium_exemplars,8,6.179118633270264,6.295902252197266,9.580458641052246,8.169189453125,6.173672676086426,8.220805168151855
365,STATIONERY,ruler,RIGHELLO,141,8,11,RIGHELLO_riga,9,1.777777777777778,0.28125,1,3,0.15625,0.2324453491622453,0.1755441656421083,False,medium_exemplars,8,6.4676995277404785,6.461503028869629,9.55886173248291,7.95844030380249,6.4909563064575195,9.402826309204102
361,STATIONERY,ruler,RIGHELLO,141,8,11,RIGHELLO_di plastica,8,2.625,0.25,1,6,0.125,0.1757854648337757,0.1634475116886577,False,medium_exemplars,8,6.337306976318359,6.280384540557861,9.008929252624512,7.285089492797852,5.870169162750244,8.873652458190918
362,STATIONERY,ruler,RIGHELLO,141,8,11,RIGHELLO_goniometro,7,1.857142857142857,0.21875,1,3,0.09375,0.1653840429096725,0.1198059758188661,False,medium_exemplars,8,6.003449440002441,6.118839740753174,8.673125267028809,7.285072326660156,5.363182067871094,7.558901309967041
360,STATIONERY,ruler,RIGHELLO,141,8,11,RIGHELLO_di metallo,4,3.25,0.125,2,7,0.0,0.04386652802585525,0.06703174507201087,False,medium_exemplars,8,6.452793121337891,6.469442367553711,9.355788230895996,8.009944915771484,6.13057279586792,9.079916954040527
359,STATIONERY,ruler,RIGHELLO,141,8,11,RIGHELLO_corto,4,2.25,0.125,1,4,0.03125,0.06341802763889459,0.06341802763889459,False,medium_exemplars,8,6.189507484436035,6.2838850021362305,9.558416366577148,7.519075393676758,6.197425365447998,8.87463665008545
364,STATIONERY,ruler,RIGHELLO,141,8,11,RIGHELLO_metro,4,2.25,0.125,1,4,0.03125,0.06341802763889459,0.06341802763889459,False,medium_exemplars,8,6.439797401428223,6.44235372543335,10.140447616577148,8.556160926818848,6.438676834106445,8.816337585449219
363,STATIONERY,ruler,RIGHELLO,141,8,11,RIGHELLO_lungo,5,2.2,0.15625,1,3,0.03125,0.08620885238662557,0.05730597581886607,False,medium_exemplars,8,6.191958427429199,6.2312235832214355,8.794075012207031,7.180765628814697,5.564324378967285,9.182626724243164
374,VEHICLES,train,TRENO,180,14,8,TRENO_regionale,23,2.478260869565217,0.71875,1,7,0.3125,0.624171962803384,0.4771433574634362,False,medium_exemplars,8,6.401212215423584,6.545931339263916,9.790699005126953,7.929656505584717,5.9050445556640625,8.933972358703613
368,VEHICLES,train,TRENO,180,14,8,TRENO_ad alta velocit√†,16,2.5625,0.5,1,8,0.09375,0.4038012569673981,0.3308253934175902,False,medium_exemplars,8,6.0260443687438965,6.122034072875977,8.097002029418945,6.7739973068237305,4.701758861541748,7.039121150970459
367,VEHICLES,train,TRENO,180,14,8,TRENO_a vapore,11,2.272727272727273,0.34375,1,7,0.21875,0.2795689770535519,0.2598217613341998,False,medium_exemplars,8,6.530332088470459,6.609837532043457,9.974087715148926,7.879771709442139,5.495945930480957,7.9416937828063965
372,VEHICLES,train,TRENO,180,14,8,TRENO_merci,12,4.416666666666667,0.375,1,8,0.03125,0.1987330721221746,0.1478285747545072,False,medium_exemplars,8,6.429360389709473,6.494537830352783,9.726451873779297,7.882750988006592,5.690922737121582,8.836478233337402
370,VEHICLES,train,TRENO,180,14,8,TRENO_frecciarossa,7,2.857142857142857,0.21875,1,5,0.0625,0.1248510408972361,0.1042483307954566,False,medium_exemplars,8,5.9692254066467285,6.074791431427002,7.357875823974609,6.250888347625732,4.368690013885498,6.821404457092285
371,VEHICLES,train,TRENO,180,14,8,TRENO_intercity,8,3.625,0.25,1,6,0.03125,0.11937163027564,0.09511295673751358,False,medium_exemplars,8,6.259773254394531,6.451367378234863,9.376203536987305,7.558696746826172,5.739809036254883,8.758541107177734
369,VEHICLES,train,TRENO,180,14,8,TRENO_elettrico,6,3.833333333333333,0.1875,2,7,0.0,0.07215562817696809,0.08152340872113681,False,medium_exemplars,8,6.088021278381348,6.341007232666016,8.300070762634277,6.689654350280762,4.9548492431640625,7.320824146270752
373,VEHICLES,train,TRENO,180,14,8,TRENO_notturno,6,4.166666666666667,0.1875,2,7,0.0,0.05484590584929733,0.06548412976357373,False,medium_exemplars,8,6.224108695983887,6.333902359008789,9.10090446472168,7.269493103027344,5.381286144256592,7.9413909912109375
