,category,concept_eng,concept,n_concept,n_concept_list,list,exemplar,count,avg_rank_order,dominance,min_rank,max_rank,first_occur,availability_montefinese,availability,outliers,classif,n_exemplars,llama3.1-70b,mixtral
17,ANIMALS,dog,CANE,23,13,6,CANE_labrador,19,4.578947368421052,0.59375,1,13,0.15625,0.4065693589775465,0.3531646871011183,False,many_exemplars,31,6.048707008361816,9.286330223083496
24,ANIMALS,dog,CANE,23,13,6,CANE_pastore tedesco,16,5.3125,0.5,1,16,0.0625,0.3088988789084606,0.3088988789084606,False,many_exemplars,31,5.993533611297607,8.55105972290039
2,ANIMALS,dog,CANE,23,13,6,CANE_bassotto,15,6.266666666666667,0.46875,1,15,0.125,0.2474929836798518,0.2474929836798518,False,many_exemplars,31,5.850237846374512,9.844358444213867
7,ANIMALS,dog,CANE,23,13,6,CANE_chihuahua,19,8.210526315789474,0.59375,2,16,0.0,0.2692859961839361,0.2363875892009653,False,many_exemplars,31,5.70353889465332,8.349626541137695
14,ANIMALS,dog,CANE,23,13,6,CANE_golden retriever,15,6.666666666666667,0.46875,1,14,0.03125,0.2204943469336876,0.2108117962460217,False,many_exemplars,31,5.740789413452148,7.938997745513916
4,ANIMALS,dog,CANE,23,13,6,CANE_bulldog,11,7.909090909090909,0.34375,1,22,0.03125,0.1275920648865639,0.1908237205948926,False,many_exemplars,31,5.634566307067871,8.476848602294922
13,ANIMALS,dog,CANE,23,13,6,CANE_dobermann,11,5.090909090909091,0.34375,1,11,0.125,0.1887100252460539,0.1887100252460539,False,many_exemplars,31,6.035816192626953,10.261391639709473
15,ANIMALS,dog,CANE,23,13,6,CANE_husky,13,7.384615384615385,0.40625,1,15,0.03125,0.1655104635749545,0.1818559492072669,False,many_exemplars,31,5.89987850189209,9.217639923095703
5,ANIMALS,dog,CANE,23,13,6,CANE_carlino,9,7.444444444444445,0.28125,1,19,0.03125,0.1107659788588244,0.1574892816750565,False,many_exemplars,31,6.440392971038818,11.373135566711426
1,ANIMALS,dog,CANE,23,13,6,CANE_barboncino,11,6.909090909090909,0.34375,2,14,0.0,0.1220493357629337,0.1482289105257132,False,many_exemplars,31,6.035145282745361,8.754749298095703
26,ANIMALS,dog,CANE,23,13,6,CANE_pitbull,12,7.916666666666667,0.375,3,15,0.0,0.1110412039645276,0.1395016600919989,False,many_exemplars,31,5.868597030639648,7.855253219604492
23,ANIMALS,dog,CANE,23,13,6,CANE_pastore maremmano,8,7.375,0.25,2,17,0.0,0.06321814464739477,0.1196119762136552,False,many_exemplars,31,5.894087314605713,8.744489669799805
27,ANIMALS,dog,CANE,23,13,6,CANE_rottweiler,7,9.142857142857142,0.21875,1,21,0.03125,0.04562697723990274,0.1047357192545323,False,many_exemplars,31,5.740148067474365,9.274003028869629
9,ANIMALS,dog,CANE,23,13,6,CANE_da caccia,5,6.2,0.15625,2,19,0.0,0.05451758558482569,0.1021338826681019,False,many_exemplars,31,6.032550811767578,9.903717994689941
25,ANIMALS,dog,CANE,23,13,6,CANE_pinscher,7,9.428571428571429,0.21875,2,22,0.0,0.03147876226202411,0.1012213961829058,False,many_exemplars,31,5.934587478637695,9.110648155212402
22,ANIMALS,dog,CANE,23,13,6,CANE_meticcio,6,6.166666666666667,0.1875,1,12,0.03125,0.05095641446494557,0.08279061676204963,False,many_exemplars,31,6.316607475280762,10.43205451965332
3,ANIMALS,dog,CANE,23,13,6,CANE_beagle,6,8.833333333333334,0.1875,1,17,0.03125,0.03883356538664694,0.07929633479464304,False,many_exemplars,31,5.94009256362915,9.169477462768555
12,ANIMALS,dog,CANE,23,13,6,CANE_di taglia piccola,5,8.6,0.15625,2,19,0.0,0.02873906409094277,0.07916896662028212,False,many_exemplars,31,6.340385437011719,10.356804847717285
0,ANIMALS,dog,CANE,23,13,6,CANE_alano,7,10.42857142857143,0.21875,6,20,0.0,0.0137962554489417,0.07913555511863316,False,many_exemplars,31,6.297008991241455,10.751408576965332
29,ANIMALS,dog,CANE,23,13,6,CANE_volpino,4,7.0,0.125,2,18,0.0,0.02271726375653061,0.07245973333982007,False,many_exemplars,31,6.012759685516357,10.174948692321777
28,ANIMALS,dog,CANE,23,13,6,CANE_san bernardo,6,10.66666666666667,0.1875,5,20,0.0,0.008246550576476276,0.06693476440562747,False,many_exemplars,31,5.943715572357178,9.787130355834961
8,ANIMALS,dog,CANE,23,13,6,CANE_corgi,5,8.4,0.15625,2,16,0.0,0.01945454141526241,0.06224241194232895,False,many_exemplars,31,5.851617813110352,8.161812782287598
6,ANIMALS,dog,CANE,23,13,6,CANE_cavalier king,4,10.5,0.125,3,20,0.0,0.01348877402224186,0.05727860423185495,False,many_exemplars,31,5.989068031311035,9.830551147460938
30,ANIMALS,dog,CANE,23,13,6,CANE_yorkshire,4,6.0,0.125,2,11,0.0,0.02142224845430031,0.05393636580650651,False,many_exemplars,31,6.226180553436279,9.881632804870605
20,ANIMALS,dog,CANE,23,13,6,CANE_maremmano,4,7.0,0.125,2,13,0.0,0.01612205877973399,0.05161904697892644,False,many_exemplars,31,6.018013000488281,9.0745267868042
11,ANIMALS,dog,CANE,23,13,6,CANE_di taglia grande,4,6.75,0.125,3,13,0.0,0.008879051366950108,0.05093547197355856,False,many_exemplars,31,6.571045875549316,11.04279613494873
10,ANIMALS,dog,CANE,23,13,6,CANE_dalmata,5,8.6,0.15625,5,14,0.0,0.006941593067595922,0.04831602555086855,False,many_exemplars,31,5.934183120727539,9.598730087280273
16,ANIMALS,dog,CANE,23,13,6,CANE_jack russell,5,12.8,0.15625,6,21,0.0,0.002045150859789518,0.04728124733145821,False,many_exemplars,31,6.065101623535156,9.715964317321777
21,ANIMALS,dog,CANE,23,13,6,CANE_mastino,4,9.5,0.125,3,17,0.0,0.007073118780666704,0.04718817899941904,False,many_exemplars,31,5.993556022644043,10.53664779663086
19,ANIMALS,dog,CANE,23,13,6,CANE_maltese,5,9.2,0.15625,5,15,0.0,0.004792805842911769,0.04693203005545292,False,many_exemplars,31,5.902310371398926,9.044960021972656
18,ANIMALS,dog,CANE,23,13,6,CANE_levriero,5,10.8,0.15625,7,14,0.0,0.001341958940834697,0.0300913752967291,False,many_exemplars,31,5.864696025848389,9.482131958007812
43,BODY PARTS,hair,CAPELLO,25,12,2,CAPELLO_riccio,19,2.631578947368421,0.59375,1,9,0.25,0.4974950348259664,0.4257682323024839,False,many_exemplars,18,5.799935817718506,11.08193588256836
38,BODY PARTS,hair,CAPELLO,25,12,2,CAPELLO_liscio,20,3.3,0.625,1,10,0.125,0.4938877183261233,0.4080896219521995,False,many_exemplars,18,5.975722312927246,10.90517807006836
33,BODY PARTS,hair,CAPELLO,25,12,2,CAPELLO_biondo,15,4.333333333333333,0.46875,1,11,0.09375,0.2909318349600177,0.2489123896434411,False,many_exemplars,18,5.860161781311035,9.866097450256348
41,BODY PARTS,hair,CAPELLO,25,12,2,CAPELLO_mosso,10,4.7,0.3125,2,12,0.0,0.1513032678652041,0.1687594344314456,False,many_exemplars,18,6.279933452606201,10.046510696411133
44,BODY PARTS,hair,CAPELLO,25,12,2,CAPELLO_rosso,13,5.307692307692308,0.40625,3,10,0.0,0.1918649280008593,0.1536121870002291,False,many_exemplars,18,6.1352105140686035,11.586442947387695
35,BODY PARTS,hair,CAPELLO,25,12,2,CAPELLO_castano,11,6.272727272727272,0.34375,2,13,0.0,0.1234186883718579,0.1430983315541602,False,many_exemplars,18,6.326298236846924,9.941742897033691
36,BODY PARTS,hair,CAPELLO,25,12,2,CAPELLO_corto,6,5.0,0.1875,1,13,0.0625,0.08746375329785816,0.1133127875817133,False,many_exemplars,18,6.078371047973633,10.698284149169922
39,BODY PARTS,hair,CAPELLO,25,12,2,CAPELLO_lungo,6,5.5,0.1875,1,14,0.03125,0.06411581774174376,0.1042667549243379,False,many_exemplars,18,6.029323577880859,10.588546752929688
37,BODY PARTS,hair,CAPELLO,25,12,2,CAPELLO_grasso,6,4.0,0.1875,1,8,0.0625,0.08974238722541211,0.1002207360689225,False,many_exemplars,18,6.113430500030518,11.393291473388672
46,BODY PARTS,hair,CAPELLO,25,12,2,CAPELLO_sottile,7,6.0,0.21875,2,11,0.0,0.06335311355045839,0.09199809419118764,False,many_exemplars,18,5.964284896850586,10.306004524230957
45,BODY PARTS,hair,CAPELLO,25,12,2,CAPELLO_secco,6,6.0,0.1875,2,13,0.0,0.04849919068069201,0.08903923237859794,False,many_exemplars,18,6.195904731750488,10.117347717285156
31,BODY PARTS,hair,CAPELLO,25,12,2,CAPELLO_berretto,5,2.4,0.15625,1,4,0.0625,0.08785770595409391,0.07912153157875573,False,many_exemplars,18,5.771717071533203,10.295127868652344
47,BODY PARTS,hair,CAPELLO,25,12,2,CAPELLO_spesso,6,5.5,0.1875,1,10,0.03125,0.0532225112051929,0.07870698375180059,False,many_exemplars,18,6.261885643005371,11.562325477600098
42,BODY PARTS,hair,CAPELLO,25,12,2,CAPELLO_nero,8,5.875,0.25,2,8,0.0,0.0664137135985325,0.0664137135985325,False,many_exemplars,18,6.0557637214660645,10.226673126220703
34,BODY PARTS,hair,CAPELLO,25,12,2,CAPELLO_bombetta,4,3.25,0.125,1,5,0.03125,0.04258281491699616,0.04984589577733611,False,many_exemplars,18,6.42195463180542,11.219873428344727
40,BODY PARTS,hair,CAPELLO,25,12,2,CAPELLO_moro,5,5.4,0.15625,2,8,0.0,0.02646572251921917,0.047689603245287,False,many_exemplars,18,6.212338924407959,10.58273696899414
48,BODY PARTS,hair,CAPELLO,25,12,2,CAPELLO_tinto,6,5.5,0.1875,4,8,0.0,0.02887621202980153,0.04759981550238344,False,many_exemplars,18,6.116941928863525,11.11837100982666
32,BODY PARTS,hair,CAPELLO,25,12,2,CAPELLO_bianco,5,7.6,0.15625,5,10,0.0,0.005418360791295404,0.03156750009491838,False,many_exemplars,18,5.982041358947754,10.340685844421387
56,CLOTHES,shoe,SCARPA,147,4,2,SCARPA_da ginnastica,19,2.0,0.59375,1,13,0.4375,0.5454934558428972,0.5325488723123026,False,many_exemplars,21,5.752976894378662,9.009262084960938
53,CLOTHES,shoe,SCARPA,147,4,2,SCARPA_col tacco,22,4.045454545454546,0.6875,1,9,0.0625,0.5069868772240056,0.3426831071338104,False,many_exemplars,21,6.309527397155762,10.939406394958496
66,CLOTHES,shoe,SCARPA,147,4,2,SCARPA_sneakers,13,2.384615384615385,0.40625,1,8,0.21875,0.3304866471638606,0.3001004947859133,False,many_exemplars,21,5.853045463562012,9.098847389221191
68,CLOTHES,shoe,SCARPA,147,4,2,SCARPA_stivali,18,4.666666666666667,0.5625,2,8,0.0,0.3540625925287717,0.203458068703094,False,many_exemplars,21,5.620700836181641,8.860313415527344
59,CLOTHES,shoe,SCARPA,147,4,2,SCARPA_elegante,10,4.5,0.3125,1,15,0.03125,0.170498512567302,0.2024677758706981,False,many_exemplars,21,5.888030052185059,9.62673282623291
64,CLOTHES,shoe,SCARPA,147,4,2,SCARPA_sandali,13,6.0,0.40625,3,12,0.0,0.1761109857546035,0.1649227616367982,False,many_exemplars,21,6.096866130828857,8.774209976196289
50,CLOTHES,shoe,SCARPA,147,4,2,SCARPA_ballerine,14,6.428571428571429,0.4375,1,11,0.03125,0.1908990125202369,0.1565060391925132,False,many_exemplars,21,5.7924418449401855,9.416059494018555
54,CLOTHES,shoe,SCARPA,147,4,2,SCARPA_da calcio,10,7.4,0.3125,2,17,0.0,0.1029615317025688,0.1513964110107879,False,many_exemplars,21,5.886139869689941,11.170108795166016
62,CLOTHES,shoe,SCARPA,147,4,2,SCARPA_mocassino,10,5.1,0.3125,1,10,0.03125,0.145716211248816,0.145716211248816,False,many_exemplars,21,5.575392723083496,8.735054016113281
63,CLOTHES,shoe,SCARPA,147,4,2,SCARPA_pantofole,8,5.625,0.25,2,12,0.0,0.08791126529999635,0.1173089385330232,False,many_exemplars,21,5.5979413986206055,7.70319938659668
61,CLOTHES,shoe,SCARPA,147,4,2,SCARPA_infradito,9,6.888888888888889,0.28125,3,12,0.0,0.06563671415291863,0.09365761060232758,False,many_exemplars,21,5.718969345092773,9.376051902770996
57,CLOTHES,shoe,SCARPA,147,4,2,SCARPA_da tennis,5,3.6,0.15625,1,9,0.03125,0.068938445103428,0.09299391087836552,False,many_exemplars,21,6.312226295471191,10.896750450134277
55,CLOTHES,shoe,SCARPA,147,4,2,SCARPA_da corsa,5,4.2,0.15625,2,9,0.0,0.04851116207688756,0.07749605048283677,False,many_exemplars,21,5.9093828201293945,10.552655220031738
51,CLOTHES,shoe,SCARPA,147,4,2,SCARPA_bassa,4,5.75,0.125,1,10,0.03125,0.04583045597559402,0.06171886861890286,False,many_exemplars,21,6.071542263031006,10.353779792785645
49,CLOTHES,shoe,SCARPA,147,4,2,SCARPA_alta,5,5.6,0.15625,1,9,0.03125,0.04057923646828029,0.06060187360052582,False,many_exemplars,21,6.037210941314697,11.086586952209473
60,CLOTHES,shoe,SCARPA,147,4,2,SCARPA_espadrillas,5,9.0,0.15625,6,17,0.0,0.004835337204127916,0.0566788520287894,False,many_exemplars,21,5.937005996704102,9.789963722229004
69,CLOTHES,shoe,SCARPA,147,4,2,SCARPA_stringata,4,9.25,0.125,2,16,0.0,0.01461707105165927,0.0469671760921403,False,many_exemplars,21,6.251179218292236,10.906112670898438
58,CLOTHES,shoe,SCARPA,147,4,2,SCARPA_da trekking,4,5.25,0.125,1,8,0.03125,0.03274826288766694,0.04647225165386215,False,many_exemplars,21,6.086667060852051,10.361719131469727
67,CLOTHES,shoe,SCARPA,147,4,2,SCARPA_stivaletti,5,9.8,0.15625,4,14,0.0,0.00670863562950509,0.04138941744629317,False,many_exemplars,21,5.562463283538818,9.156806945800781
65,CLOTHES,shoe,SCARPA,147,4,2,SCARPA_scarponi,5,8.4,0.15625,6,11,0.0,0.003946030432904143,0.03188473634200543,False,many_exemplars,21,5.770357608795166,9.788405418395996
52,CLOTHES,shoe,SCARPA,147,4,2,SCARPA_ciabatta,5,8.8,0.15625,6,11,0.0,0.003901689297328973,0.02999928149714853,False,many_exemplars,21,5.919713497161865,10.755151748657227
95,FOODS,pasta,PASTA,122,9,8,PASTA_spaghetti,23,3.565217391304348,0.71875,1,13,0.125,0.5679972243981783,0.4845883272282287,False,many_exemplars,31,5.874788284301758,8.330610275268555
77,FOODS,pasta,PASTA,122,9,8,PASTA_fusilli,16,5.9375,0.5,1,22,0.1875,0.306690939362897,0.3382583463092003,False,many_exemplars,31,5.7408976554870605,8.619357109069824
74,FOODS,pasta,PASTA,122,9,8,PASTA_farfalle,17,6.705882352941177,0.53125,1,21,0.125,0.2949963322259679,0.3224721030800622,False,many_exemplars,31,5.911238670349121,8.752346992492676
89,FOODS,pasta,PASTA,122,9,8,PASTA_penne,13,3.692307692307693,0.40625,1,12,0.03125,0.2683131857691416,0.260195598234262,False,many_exemplars,31,5.8940839767456055,9.073746681213379
72,FOODS,pasta,PASTA,122,9,8,PASTA_corta,9,3.666666666666667,0.28125,1,16,0.15625,0.2032629529692493,0.2216411709279664,False,many_exemplars,31,6.16838264465332,11.600303649902344
93,FOODS,pasta,PASTA,122,9,8,PASTA_rigatoni,13,5.615384615384615,0.40625,1,13,0.03125,0.2035574994792024,0.2035574994792024,False,many_exemplars,31,5.576261043548584,8.963825225830078
81,FOODS,pasta,PASTA,122,9,8,PASTA_linguine,10,5.7,0.3125,2,15,0.0,0.1243049255684826,0.1649068944393274,False,many_exemplars,31,5.712429046630859,9.24826717376709
84,FOODS,pasta,PASTA,122,9,8,PASTA_maccheroni,9,9.11111111111111,0.28125,1,25,0.03125,0.08774298969551024,0.1584899030768509,False,many_exemplars,31,5.80726957321167,8.477919578552246
70,FOODS,pasta,PASTA,122,9,8,PASTA_all'uovo,9,9.22222222222222,0.28125,3,23,0.0,0.06756907170311949,0.1433188167944935,False,many_exemplars,31,5.872336387634277,10.20019817352295
83,FOODS,pasta,PASTA,122,9,8,PASTA_lunga,7,4.857142857142857,0.21875,1,15,0.03125,0.1073249509286745,0.1429147756466528,False,many_exemplars,31,6.1899261474609375,9.566205024719238
71,FOODS,pasta,PASTA,122,9,8,PASTA_bucatini,8,9.25,0.25,2,28,0.0,0.0485982075993527,0.1419193805843446,False,many_exemplars,31,5.637551307678223,8.6438627243042
79,FOODS,pasta,PASTA,122,9,8,PASTA_integrale,8,3.0,0.25,1,6,0.0625,0.1497968284485667,0.1303669110933702,False,many_exemplars,31,6.057555675506592,10.477001190185547
92,FOODS,pasta,PASTA,122,9,8,PASTA_rigata,6,9.666666666666666,0.1875,2,31,0.0,0.04967715611583047,0.1202233888085716,False,many_exemplars,31,6.119235992431641,10.200172424316406
80,FOODS,pasta,PASTA,122,9,8,PASTA_lasagne,8,7.625,0.25,3,17,0.0,0.04651474092408618,0.1092558020773182,False,many_exemplars,31,5.9295759201049805,9.063922882080078
98,FOODS,pasta,PASTA,122,9,8,PASTA_tagliatelle,9,12.11111111111111,0.28125,2,22,0.0,0.0487946602542018,0.10909499727071,False,many_exemplars,31,5.65958309173584,8.757384300231934
76,FOODS,pasta,PASTA,122,9,8,PASTA_fresca,8,7.875,0.25,3,17,0.0,0.04957061010526468,0.1089703231962027,False,many_exemplars,31,6.163128852844238,9.387848854064941
86,FOODS,pasta,PASTA,122,9,8,PASTA_orecchiette,5,6.4,0.15625,3,17,0.0,0.02849395230173893,0.08790416601328681,False,many_exemplars,31,5.472060203552246,8.227388381958008
82,FOODS,pasta,PASTA,122,9,8,PASTA_liscia,5,11.8,0.15625,3,30,0.0,0.01580842186323877,0.08306626040754794,False,many_exemplars,31,6.097575664520264,9.77170467376709
75,FOODS,pasta,PASTA,122,9,8,PASTA_fettuccine,6,5.666666666666667,0.1875,3,11,0.0,0.03368884768204842,0.07333729405762085,False,many_exemplars,31,5.714743137359619,8.127790451049805
91,FOODS,pasta,PASTA,122,9,8,PASTA_ravioli,7,14.71428571428571,0.21875,6,25,0.0,0.008119163532810995,0.07167026524025602,False,many_exemplars,31,5.674943923950195,10.077959060668945
90,FOODS,pasta,PASTA,122,9,8,PASTA_penne lisce,5,5.4,0.15625,2,10,0.0,0.03178132297502605,0.0640682273532753,False,many_exemplars,31,5.754737854003906,8.930034637451172
85,FOODS,pasta,PASTA,122,9,8,PASTA_mezze maniche,6,10.5,0.1875,4,18,0.0,0.01091904842028099,0.06214951311001731,False,many_exemplars,31,5.876913070678711,8.479720115661621
97,FOODS,pasta,PASTA,122,9,8,PASTA_strozzapreti,4,10.0,0.125,2,20,0.0,0.01597614630643417,0.05738698268662439,False,many_exemplars,31,5.440079212188721,8.017580032348633
94,FOODS,pasta,PASTA,122,9,8,PASTA_secca,4,5.75,0.125,1,9,0.03125,0.03451867247693374,0.05070697455743041,False,many_exemplars,31,6.247077941894531,9.429140090942383
96,FOODS,pasta,PASTA,122,9,8,PASTA_stelline,4,16.0,0.125,8,28,0.0,0.0001497661630832966,0.04107296737141466,False,many_exemplars,31,5.929483413696289,9.953369140625
99,FOODS,pasta,PASTA,122,9,8,PASTA_tortellini,4,15.5,0.125,5,24,0.0,0.001487000154100955,0.040248490870668,False,many_exemplars,31,5.548923492431641,8.626434326171875
88,FOODS,pasta,PASTA,122,9,8,PASTA_pastina,5,10.2,0.15625,7,15,0.0,0.00193034263903244,0.03821427314865729,False,many_exemplars,31,6.037477493286133,9.149197578430176
100,FOODS,pasta,PASTA,122,9,8,PASTA_trofie,4,15.5,0.125,6,24,0.0,0.0006908058654790984,0.03781263212010914,False,many_exemplars,31,5.76486349105835,9.118144035339355
87,FOODS,pasta,PASTA,122,9,8,PASTA_pappardelle,4,15.75,0.125,7,22,0.0,0.0003172873800343196,0.03122245733290681,False,many_exemplars,31,5.5668230056762695,8.809212684631348
78,FOODS,pasta,PASTA,122,9,8,PASTA_gnocchi,4,15.0,0.125,5,20,0.0,0.001455734821765557,0.03088510483873816,False,many_exemplars,31,5.674938678741455,8.869145393371582
73,FOODS,pasta,PASTA,122,9,8,PASTA_ditalini,4,14.5,0.125,10,17,0.0,3.325425772814039e-05,0.01965858046972058,False,many_exemplars,31,5.875443458557129,8.436312675476074
110,FURNISHINGS/FITTINGS,pillow,CUSCINO,55,14,4,CUSCINO_in memory foam,13,1.538461538461538,0.40625,1,3,0.25,0.369997418196802,0.2859508748619615,False,many_exemplars,13,5.940774917602539,9.948081970214844
106,FURNISHINGS/FITTINGS,pillow,CUSCINO,55,14,4,CUSCINO_di piuma,14,2.642857142857143,0.4375,1,7,0.125,0.3418792372748763,0.2781574516308093,False,many_exemplars,13,5.809386730194092,10.101551055908203
102,FURNISHINGS/FITTINGS,pillow,CUSCINO,55,14,4,CUSCINO_da divano,10,4.0,0.3125,2,8,0.0,0.162343412660331,0.13909508653752,False,many_exemplars,13,5.938218116760254,10.81381607055664
112,FURNISHINGS/FITTINGS,pillow,CUSCINO,55,14,4,CUSCINO_ortopedico,6,2.666666666666667,0.1875,1,7,0.0625,0.1163868156393127,0.1227496623897316,False,many_exemplars,13,5.6347174644470215,9.721396446228027
105,FURNISHINGS/FITTINGS,pillow,CUSCINO,55,14,4,CUSCINO_di lattice,7,2.285714285714286,0.21875,1,4,0.0625,0.1440289419527679,0.1081564703513127,False,many_exemplars,13,6.091501235961914,10.189164161682129
111,FURNISHINGS/FITTINGS,pillow,CUSCINO,55,14,4,CUSCINO_morbido,6,2.833333333333333,0.1875,1,5,0.03125,0.1003589308979568,0.09026975918332732,False,many_exemplars,13,5.829202175140381,9.469218254089355
103,FURNISHINGS/FITTINGS,pillow,CUSCINO,55,14,4,CUSCINO_da letto,5,2.0,0.15625,1,3,0.0625,0.0998743252364082,0.07866107677577065,False,many_exemplars,13,5.787522315979004,10.310541152954102
109,FURNISHINGS/FITTINGS,pillow,CUSCINO,55,14,4,CUSCINO_guanciale,4,3.0,0.125,1,6,0.0625,0.06630925670132178,0.07349491864945501,False,many_exemplars,13,6.035633563995361,10.044780731201172
113,FURNISHINGS/FITTINGS,pillow,CUSCINO,55,14,4,CUSCINO_quadrato,5,4.0,0.15625,1,7,0.03125,0.05715749051442812,0.07017430458402131,False,many_exemplars,13,5.800476551055908,10.30246639251709
104,FURNISHINGS/FITTINGS,pillow,CUSCINO,55,14,4,CUSCINO_da viaggio,4,4.25,0.125,1,8,0.03125,0.03959565326835716,0.0589767239699546,False,many_exemplars,13,5.990609645843506,10.158408164978027
107,FURNISHINGS/FITTINGS,pillow,CUSCINO,55,14,4,CUSCINO_duro,6,3.833333333333333,0.1875,3,6,0.0,0.0562179085342456,0.0562179085342456,False,many_exemplars,13,6.034602165222168,10.54861068725586
108,FURNISHINGS/FITTINGS,pillow,CUSCINO,55,14,4,CUSCINO_ergonomico,4,3.0,0.125,1,4,0.03125,0.04426039908888429,0.04426039908888429,False,many_exemplars,13,5.810736656188965,10.220264434814453
101,FURNISHINGS/FITTINGS,pillow,CUSCINO,55,14,4,CUSCINO_da cervicale,4,4.75,0.125,3,8,0.0,0.01508987462456621,0.04392454160114544,False,many_exemplars,13,5.713683605194092,9.85369873046875
123,FURNITURE,table,TAVOLO,167,7,7,TAVOLO_di legno,16,2.125,0.5,1,6,0.28125,0.4320270172005839,0.3615706311272613,False,many_exemplars,17,6.175341606140137,10.332693099975586
117,FURNITURE,table,TAVOLO,167,7,7,TAVOLO_da cucina,12,3.416666666666667,0.375,1,14,0.15625,0.2700721407148954,0.2797899174726329,False,many_exemplars,17,6.006751537322998,10.355196952819824
129,FURNITURE,table,TAVOLO,167,7,7,TAVOLO_rotondo,13,3.692307692307693,0.40625,1,12,0.15625,0.2831093805878055,0.2770335202192095,False,many_exemplars,17,6.2177205085754395,11.29332447052002
114,FURNITURE,table,TAVOLO,167,7,7,TAVOLO_allungabile,12,4.25,0.375,1,11,0.0625,0.2211303579852359,0.2125465594322916,False,many_exemplars,17,6.081117153167725,10.124675750732422
120,FURNITURE,table,TAVOLO,167,7,7,TAVOLO_da lavoro,9,5.555555555555555,0.28125,1,13,0.03125,0.1194733172971704,0.1467150471904543,False,many_exemplars,17,5.899024486541748,9.81927490234375
122,FURNITURE,table,TAVOLO,167,7,7,TAVOLO_da pranzo,7,2.428571428571428,0.21875,1,5,0.125,0.1530059120986966,0.1411610767757707,False,many_exemplars,17,6.041922092437744,10.24472713470459
130,FURNITURE,table,TAVOLO,167,7,7,TAVOLO_scrivania,6,3.833333333333333,0.1875,1,11,0.03125,0.09133489752821114,0.1194433051032017,False,many_exemplars,17,5.790870189666748,9.175761222839355
127,FURNITURE,table,TAVOLO,167,7,7,TAVOLO_quadrato,7,4.857142857142857,0.21875,1,10,0.03125,0.0900046116455704,0.1092734671333643,False,many_exemplars,17,6.032945156097412,10.05726432800293
124,FURNITURE,table,TAVOLO,167,7,7,TAVOLO_di plastica,9,3.888888888888889,0.28125,3,7,0.0,0.1297670363115957,0.1022544552401299,False,many_exemplars,17,6.200791358947754,9.473199844360352
128,FURNITURE,table,TAVOLO,167,7,7,TAVOLO_rettangolare,8,5.125,0.25,2,9,0.0,0.08854234686586504,0.09794656398900288,False,many_exemplars,17,5.705061912536621,9.32137393951416
115,FURNITURE,table,TAVOLO,167,7,7,TAVOLO_da biliardo,6,3.5,0.1875,1,6,0.03125,0.0793892971712788,0.0793892971712788,False,many_exemplars,17,5.933670997619629,10.33214282989502
125,FURNITURE,table,TAVOLO,167,7,7,TAVOLO_di vetro,5,3.4,0.15625,2,6,0.0,0.05239486557092626,0.06290386652752895,False,many_exemplars,17,6.207487106323242,9.77448558807373
126,FURNITURE,table,TAVOLO,167,7,7,TAVOLO_pieghevole,7,5.0,0.21875,3,7,0.0,0.05237488597036922,0.05237488597036922,False,many_exemplars,17,5.6710405349731445,8.617514610290527
116,FURNITURE,table,TAVOLO,167,7,7,TAVOLO_da caffè,4,5.5,0.125,2,9,0.0,0.02147540976548422,0.04833607502027412,False,many_exemplars,17,6.0167975425720215,10.00761604309082
118,FURNITURE,table,TAVOLO,167,7,7,TAVOLO_da giardino,6,3.666666666666667,0.1875,2,5,0.0,0.06072986787117595,0.04731623866335963,False,many_exemplars,17,5.967523574829102,10.042000770568848
119,FURNITURE,table,TAVOLO,167,7,7,TAVOLO_da gioco,4,7.0,0.125,2,12,0.0,0.01534636116697433,0.04670330087732763,False,many_exemplars,17,6.141390800476074,10.816052436828613
121,FURNITURE,table,TAVOLO,167,7,7,TAVOLO_da ping pong,4,5.5,0.125,4,7,0.0,0.005578881262791058,0.02436897387167261,False,many_exemplars,17,5.968964099884033,8.740140914916992
139,HOBBIES,video game,VIDEOGIOCO,186,11,12,VIDEOGIOCO_di sport,13,4.923076923076923,0.40625,1,14,0.03125,0.2206633441673149,0.2294850989023877,False,many_exemplars,17,6.060370445251465,9.449236869812012
135,HOBBIES,video game,VIDEOGIOCO,186,11,12,VIDEOGIOCO_di azione,12,2.833333333333333,0.375,1,6,0.09375,0.2695872034270096,0.2033531798659677,False,many_exemplars,17,5.872543811798096,9.372349739074707
138,HOBBIES,video game,VIDEOGIOCO,186,11,12,VIDEOGIOCO_di simulazione,13,6.461538461538462,0.40625,3,16,0.0,0.1612070655229361,0.1911747769424634,False,many_exemplars,17,5.8069329261779785,8.919053077697754
147,HOBBIES,video game,VIDEOGIOCO,186,11,12,VIDEOGIOCO_sparatutto,10,4.7,0.3125,1,12,0.09375,0.1648702716244706,0.1786685109255333,False,many_exemplars,17,5.615454196929932,7.294200420379639
137,HOBBIES,video game,VIDEOGIOCO,186,11,12,VIDEOGIOCO_di ruolo,9,3.222222222222222,0.28125,1,8,0.03125,0.168400474920653,0.1588678124775173,False,many_exemplars,17,5.936319828033447,9.256180763244629
134,HOBBIES,video game,VIDEOGIOCO,186,11,12,VIDEOGIOCO_di avventura,12,3.666666666666667,0.375,1,6,0.0625,0.2267853421250298,0.1441508756523135,False,many_exemplars,17,5.743721961975098,8.502456665039062
143,HOBBIES,video game,VIDEOGIOCO,186,11,12,VIDEOGIOCO_online,7,3.571428571428572,0.21875,1,8,0.09375,0.1217439238107253,0.1275213053637169,False,many_exemplars,17,5.996550559997559,9.340253829956055
145,HOBBIES,video game,VIDEOGIOCO,186,11,12,VIDEOGIOCO_platform,5,2.8,0.15625,1,7,0.03125,0.08499563258746672,0.09828174507201087,False,many_exemplars,17,5.894056797027588,9.098333358764648
144,HOBBIES,video game,VIDEOGIOCO,186,11,12,VIDEOGIOCO_per computer,4,2.5,0.125,1,7,0.09375,0.0940641198670198,0.09688308886633762,False,many_exemplars,17,6.17021369934082,9.424493789672852
140,HOBBIES,video game,VIDEOGIOCO,186,11,12,VIDEOGIOCO_di strategia,8,4.625,0.25,1,8,0.03125,0.09438917299961268,0.09438917299961268,False,many_exemplars,17,5.896308898925781,9.305611610412598
146,HOBBIES,video game,VIDEOGIOCO,186,11,12,VIDEOGIOCO_rpg,5,4.6,0.15625,1,10,0.03125,0.05989823410868844,0.08407464898507143,False,many_exemplars,17,5.736717224121094,9.01650619506836
136,HOBBIES,video game,VIDEOGIOCO,186,11,12,VIDEOGIOCO_di guerra,6,4.5,0.1875,2,9,0.0,0.05534936108515697,0.08153370896455636,False,many_exemplars,17,5.918481826782227,9.231735229492188
131,HOBBIES,video game,VIDEOGIOCO,186,11,12,VIDEOGIOCO_arcade,5,5.0,0.15625,1,10,0.0625,0.0654318122748687,0.08108530547696952,False,many_exemplars,17,5.762795925140381,9.045284271240234
132,HOBBIES,video game,VIDEOGIOCO,186,11,12,VIDEOGIOCO_con console,4,3.75,0.125,1,9,0.03125,0.05257948254778561,0.07540938372814816,False,many_exemplars,17,6.1583356857299805,9.274741172790527
141,HOBBIES,video game,VIDEOGIOCO,186,11,12,VIDEOGIOCO_fps,4,3.0,0.125,1,5,0.03125,0.05035606294706559,0.05753552388445807,False,many_exemplars,17,5.815605640411377,9.529325485229492
142,HOBBIES,video game,VIDEOGIOCO,186,11,12,VIDEOGIOCO_mmorpg,4,5.25,0.125,2,9,0.0,0.01839451789289832,0.04718817899941904,False,many_exemplars,17,5.541266441345215,8.487480163574219
133,HOBBIES,video game,VIDEOGIOCO,186,11,12,VIDEOGIOCO_di auto,4,4.75,0.125,2,7,0.0,0.01864084595462006,0.03892430458402131,False,many_exemplars,17,6.199306488037109,9.646660804748535
155,HOUSING BUILDINGS,kitchen,CUCINA,53,13,9,CUCINA_italiana,15,3.066666666666667,0.46875,1,10,0.21875,0.3592073276242332,0.3250605183922499,False,many_exemplars,13,5.7840681076049805,9.545363426208496
151,HOUSING BUILDINGS,kitchen,CUCINA,53,13,9,CUCINA_cinese,10,4.1,0.3125,2,9,0.0,0.161546962909326,0.1509519236883308,False,many_exemplars,13,5.945615291595459,8.923750877380371
160,HOUSING BUILDINGS,kitchen,CUCINA,53,13,9,CUCINA_vegetariana,8,4.875,0.25,2,14,0.0,0.09871117349549788,0.1437283178581094,False,many_exemplars,13,5.685643196105957,9.993218421936035
153,HOUSING BUILDINGS,kitchen,CUCINA,53,13,9,CUCINA_giapponese,9,4.777777777777778,0.28125,2,9,0.0,0.1180159736178383,0.1180159736178383,False,many_exemplars,13,5.591919422149658,7.834478378295898
149,HOUSING BUILDINGS,kitchen,CUCINA,53,13,9,CUCINA_ad angolo,6,1.666666666666667,0.1875,1,3,0.09375,0.1456589478780739,0.1166728869525284,False,many_exemplars,13,6.239822864532471,10.01240348815918
152,HOUSING BUILDINGS,kitchen,CUCINA,53,13,9,CUCINA_etnica,7,5.571428571428571,0.21875,1,12,0.03125,0.06597473921903456,0.1011991296242471,False,many_exemplars,13,6.041378974914551,9.330903053283691
158,HOUSING BUILDINGS,kitchen,CUCINA,53,13,9,CUCINA_tradizionale,5,3.4,0.15625,1,9,0.03125,0.07662807321054996,0.09885115143974137,False,many_exemplars,13,5.972156047821045,9.238451957702637
156,HOUSING BUILDINGS,kitchen,CUCINA,53,13,9,CUCINA_moderna,6,4.166666666666667,0.1875,1,8,0.03125,0.07838224513116444,0.09241029741011728,False,many_exemplars,13,6.289397716522217,9.663124084472656
159,HOUSING BUILDINGS,kitchen,CUCINA,53,13,9,CUCINA_vegana,5,6.0,0.15625,1,15,0.03125,0.05296963908844715,0.08875816083106093,False,many_exemplars,13,5.950129508972168,10.729774475097656
148,HOUSING BUILDINGS,kitchen,CUCINA,53,13,9,CUCINA_a gas,4,3.5,0.125,1,8,0.0625,0.06577901608403623,0.0772947319874044,False,many_exemplars,13,6.157120704650879,11.097463607788086
157,HOUSING BUILDINGS,kitchen,CUCINA,53,13,9,CUCINA_regionale,5,6.2,0.15625,2,13,0.0,0.037582575309627,0.07709953889125169,False,many_exemplars,13,6.144733905792236,10.686062812805176
150,HOUSING BUILDINGS,kitchen,CUCINA,53,13,9,CUCINA_ad isola,6,2.666666666666667,0.1875,1,4,0.03125,0.09888260744430873,0.07329533786144127,False,many_exemplars,13,6.240017890930176,10.404484748840332
154,HOUSING BUILDINGS,kitchen,CUCINA,53,13,9,CUCINA_indiana,5,7.0,0.15625,3,13,0.0,0.0153807175683749,0.05910452267997339,False,many_exemplars,13,6.404824256896973,9.184333801269531
163,KITCHENWARE,knife,COLTELLO,44,3,7,COLTELLO_a serramanico,13,1.923076923076923,0.40625,1,5,0.21875,0.3495498626647401,0.2900994772279882,False,many_exemplars,17,6.014276027679443,10.164483070373535
168,KITCHENWARE,knife,COLTELLO,44,3,7,COLTELLO_da cucina,10,2.1,0.3125,1,4,0.15625,0.2482077899312907,0.1946842053715698,False,many_exemplars,17,5.88236665725708,10.085848808288574
171,KITCHENWARE,knife,COLTELLO,44,3,7,COLTELLO_da pane,10,3.2,0.3125,1,6,0.09375,0.1969274295259123,0.1547141715202374,False,many_exemplars,17,6.129663944244385,9.868976593017578
175,KITCHENWARE,knife,COLTELLO,44,3,7,COLTELLO_seghettato,8,3.375,0.25,1,7,0.0625,0.1412166419150765,0.1326187556956745,False,many_exemplars,17,6.087523460388184,9.946436882019043
177,KITCHENWARE,knife,COLTELLO,44,3,7,COLTELLO_svizzero,9,4.0,0.28125,1,8,0.03125,0.1388343641372951,0.1283112425135851,False,many_exemplars,17,5.78840970993042,9.432933807373047
166,KITCHENWARE,knife,COLTELLO,44,3,7,COLTELLO_da carne,11,4.727272727272728,0.34375,2,8,0.0,0.1630548575488976,0.1259121017481015,False,many_exemplars,17,6.058562278747559,9.602109909057617
172,KITCHENWARE,knife,COLTELLO,44,3,7,COLTELLO_da pesce,8,3.75,0.25,1,7,0.03125,0.1159143620571922,0.104469516467573,False,many_exemplars,17,5.9500508308410645,10.9718599319458
169,KITCHENWARE,knife,COLTELLO,44,3,7,COLTELLO_da frutta,5,4.2,0.15625,1,10,0.03125,0.06014709966458456,0.08762071852512221,False,many_exemplars,17,5.932443618774414,10.391702651977539
164,KITCHENWARE,knife,COLTELLO,44,3,7,COLTELLO_da burro,7,4.0,0.21875,2,7,0.0,0.08000159914985222,0.08000159914985222,False,many_exemplars,17,6.0671563148498535,10.921706199645996
161,KITCHENWARE,knife,COLTELLO,44,3,7,COLTELLO_a farfalla,6,3.833333333333333,0.1875,1,7,0.03125,0.06926707714448202,0.07858525538190235,False,many_exemplars,17,5.677159786224365,10.638801574707031
162,KITCHENWARE,knife,COLTELLO,44,3,7,COLTELLO_a scatto,6,5.166666666666667,0.1875,2,9,0.0,0.05661847267161326,0.07815676590281204,False,many_exemplars,17,5.926196098327637,10.262843132019043
173,KITCHENWARE,knife,COLTELLO,44,3,7,COLTELLO_mannaia,5,6.4,0.15625,1,11,0.03125,0.03543370262366807,0.06041937489237671,False,many_exemplars,17,5.64821195602417,9.197370529174805
165,KITCHENWARE,knife,COLTELLO,44,3,7,COLTELLO_da caccia,4,3.0,0.125,2,5,0.0,0.0372346648232155,0.04819704220986776,False,many_exemplars,17,5.7970757484436035,9.140739440917969
174,KITCHENWARE,knife,COLTELLO,44,3,7,COLTELLO_multifunzione,4,3.5,0.125,1,5,0.03125,0.04090523074510802,0.04741107677577065,False,many_exemplars,17,5.799623012542725,8.984489440917969
167,KITCHENWARE,knife,COLTELLO,44,3,7,COLTELLO_da chef,5,4.2,0.15625,2,6,0.0,0.03550860828548106,0.04524051195400267,False,many_exemplars,17,6.069167613983154,10.19329833984375
176,KITCHENWARE,knife,COLTELLO,44,3,7,COLTELLO_spelucchino,5,5.6,0.15625,4,7,0.0,0.0132190565900414,0.02896573847770315,False,many_exemplars,17,5.885343074798584,9.580740928649902
170,KITCHENWARE,knife,COLTELLO,44,3,7,COLTELLO_da macellaio,4,6.0,0.125,4,8,0.0,0.005048640645505516,0.02754235490889051,False,many_exemplars,17,5.798017978668213,10.539421081542969
180,PLANTS,daisy,MARGHERITA,102,6,10,MARGHERITA_crisantemo,8,1.5,0.25,1,3,0.15625,0.2174447864613116,0.1791728869525284,False,many_exemplars,8,5.637302398681641,8.528350830078125
184,PLANTS,daisy,MARGHERITA,102,6,10,MARGHERITA_pizza,7,1.714285714285714,0.21875,1,3,0.125,0.1753344908411147,0.1411610767757707,False,many_exemplars,8,6.062322616577148,9.349987983703613
178,PLANTS,daisy,MARGHERITA,102,6,10,MARGHERITA_bianca,5,1.4,0.15625,1,3,0.125,0.1348948990430954,0.1281330888663376,False,many_exemplars,8,5.766181468963623,8.371009826660156
181,PLANTS,daisy,MARGHERITA,102,6,10,MARGHERITA_di campo,4,1.0,0.125,1,1,0.125,0.125,0.125,False,many_exemplars,8,6.161118030548096,8.80444049835205
179,PLANTS,daisy,MARGHERITA,102,6,10,MARGHERITA_comune,4,2.0,0.125,1,5,0.09375,0.09520550469444948,0.09688308886633762,False,many_exemplars,8,6.0037736892700195,9.732582092285156
182,PLANTS,daisy,MARGHERITA,102,6,10,MARGHERITA_fiore,6,1.666666666666667,0.1875,1,2,0.0625,0.1414104556883657,0.07503235546535048,False,many_exemplars,8,5.941007614135742,9.606067657470703
185,PLANTS,daisy,MARGHERITA,102,6,10,MARGHERITA_rosa,5,2.0,0.15625,1,3,0.03125,0.09389848049374752,0.06406778599562386,False,many_exemplars,8,5.799374103546143,10.299690246582031
183,PLANTS,daisy,MARGHERITA,102,6,10,MARGHERITA_gigante,4,2.0,0.125,1,3,0.03125,0.06702916012876603,0.05417288695252845,False,many_exemplars,8,5.866069316864014,8.722525596618652
191,STATIONERY,sheet,FOGLIO,66,4,12,FOGLIO_a4,20,2.35,0.625,1,7,0.40625,0.5446522418026543,0.4607723427205477,False,many_exemplars,17,5.898359775543213,10.0759916305542
186,STATIONERY,sheet,FOGLIO,66,4,12,FOGLIO_a quadretti,20,4.9,0.625,2,11,0.0,0.4112204322558812,0.3050447444228745,False,many_exemplars,17,6.082934856414795,10.391365051269531
187,STATIONERY,sheet,FOGLIO,66,4,12,FOGLIO_a righe,17,5.058823529411764,0.53125,1,12,0.125,0.3296584532794999,0.2819055040444371,False,many_exemplars,17,6.283818244934082,10.802700996398926
194,STATIONERY,sheet,FOGLIO,66,4,12,FOGLIO_bianco,13,4.461538461538462,0.40625,1,10,0.09375,0.2433940620017932,0.2165580928751531,False,many_exemplars,17,6.006102085113525,9.985201835632324
198,STATIONERY,sheet,FOGLIO,66,4,12,FOGLIO_di carta,8,3.375,0.25,1,9,0.125,0.1566235396688653,0.161937208112581,False,many_exemplars,17,6.184848785400391,9.763322830200195
190,STATIONERY,sheet,FOGLIO,66,4,12,FOGLIO_a3,14,3.285714285714286,0.4375,2,5,0.0,0.2962193778479763,0.1365633418039118,False,many_exemplars,17,5.916654109954834,10.198299407958984
195,STATIONERY,sheet,FOGLIO,66,4,12,FOGLIO_colorato,8,5.25,0.25,2,11,0.0,0.08706292566000645,0.1127350503562592,False,many_exemplars,17,6.446828365325928,10.745976448059082
192,STATIONERY,sheet,FOGLIO,66,4,12,FOGLIO_a5,10,4.1,0.3125,2,6,0.0,0.1561729277971724,0.1015856818652482,False,many_exemplars,17,5.97555685043335,10.223918914794922
189,STATIONERY,sheet,FOGLIO,66,4,12,FOGLIO_a2,7,3.571428571428572,0.21875,2,6,0.0,0.09071041557591128,0.0776386274898346,False,many_exemplars,17,6.03270149230957,10.454627990722656
188,STATIONERY,sheet,FOGLIO,66,4,12,FOGLIO_a1,4,3.0,0.125,2,6,0.0,0.04422857599381961,0.06231593063261193,False,many_exemplars,17,6.085763454437256,10.32861328125
199,STATIONERY,sheet,FOGLIO,66,4,12,FOGLIO_di cartone,6,4.666666666666667,0.1875,2,7,0.0,0.04552527468174388,0.05556342498332578,False,many_exemplars,17,6.311839580535889,10.447680473327637
201,STATIONERY,sheet,FOGLIO,66,4,12,FOGLIO_protocollo,5,4.0,0.15625,3,6,0.0,0.03268861818149003,0.04376418850035454,False,many_exemplars,17,6.215434551239014,10.72693920135498
197,STATIONERY,sheet,FOGLIO,66,4,12,FOGLIO_da disegno,5,7.2,0.15625,6,11,0.0,0.006380526115184677,0.04067961577874125,False,many_exemplars,17,6.013997554779053,10.806154251098633
202,STATIONERY,sheet,FOGLIO,66,4,12,FOGLIO_ruvido,4,9.0,0.125,2,12,0.0,0.01456255613696238,0.03637975264068047,False,many_exemplars,17,6.17229700088501,12.135462760925293
200,STATIONERY,sheet,FOGLIO,66,4,12,FOGLIO_liscio,4,9.0,0.125,3,13,0.0,0.006829801136928678,0.03577362689713495,False,many_exemplars,17,6.074639797210693,11.726768493652344
193,STATIONERY,sheet,FOGLIO,66,4,12,FOGLIO_a6,4,5.0,0.125,3,7,0.0,0.01411668244645771,0.0353011165052322,False,many_exemplars,17,5.989945411682129,10.163681983947754
196,STATIONERY,sheet,FOGLIO,66,4,12,FOGLIO_con i buchi,4,8.25,0.125,6,11,0.0,0.001072710001416172,0.02585286225839169,False,many_exemplars,17,6.595553398132324,11.126611709594727
213,VEHICLES,car,AUTOMOBILE,9,10,1,AUTOMOBILE_elettrica,15,5.533333333333333,0.46875,1,16,0.09375,0.2784994211687505,0.2852555933690743,False,many_exemplars,20,5.898192405700684,9.630128860473633
221,VEHICLES,car,AUTOMOBILE,9,10,1,AUTOMOBILE_suv,13,4.076923076923077,0.40625,1,9,0.03125,0.2435409432914378,0.1982157471665918,False,many_exemplars,20,6.053122043609619,10.009272575378418
204,VEHICLES,car,AUTOMOBILE,9,10,1,AUTOMOBILE_a benzina,8,9.25,0.25,3,40,0.0,0.06875631977733405,0.1780875921072803,False,many_exemplars,20,6.144106388092041,9.925311088562012
218,VEHICLES,car,AUTOMOBILE,9,10,1,AUTOMOBILE_monovolume,10,4.2,0.3125,1,10,0.09375,0.1775590024916377,0.1775590024916377,False,many_exemplars,20,6.261638641357422,9.516030311584473
216,VEHICLES,car,AUTOMOBILE,9,10,1,AUTOMOBILE_ibrida,12,5.416666666666667,0.375,1,11,0.03125,0.1756288091749604,0.165314677427475,False,many_exemplars,20,6.211451053619385,9.985477447509766
211,VEHICLES,car,AUTOMOBILE,9,10,1,AUTOMOBILE_da corsa,10,5.1,0.3125,1,11,0.09375,0.1563437031650831,0.1631322453103602,False,many_exemplars,20,6.096615791320801,10.195473670959473
219,VEHICLES,car,AUTOMOBILE,9,10,1,AUTOMOBILE_sportiva,10,5.6,0.3125,1,12,0.03125,0.1419627899153417,0.1567303914981414,False,many_exemplars,20,6.320686340332031,10.156876564025879
207,VEHICLES,car,AUTOMOBILE,9,10,1,AUTOMOBILE_berlina,9,5.666666666666667,0.28125,1,12,0.0625,0.1273251785883454,0.1447924998687111,False,many_exemplars,20,5.954623222351074,9.515142440795898
208,VEHICLES,car,AUTOMOBILE,9,10,1,AUTOMOBILE_citycar,7,4.857142857142857,0.21875,1,13,0.09375,0.1121587449607738,0.1357293067590425,False,many_exemplars,20,6.244508743286133,9.821056365966797
203,VEHICLES,car,AUTOMOBILE,9,10,1,AUTOMOBILE_4x4,6,9.833333333333334,0.1875,1,33,0.0625,0.07825516550928255,0.1266427102137784,False,many_exemplars,20,6.041035175323486,9.509208679199219
222,VEHICLES,car,AUTOMOBILE,9,10,1,AUTOMOBILE_utilitaria,6,4.333333333333333,0.1875,1,12,0.03125,0.0793532922569957,0.1136848584321894,False,many_exemplars,20,6.439156532287598,9.487476348876953
206,VEHICLES,car,AUTOMOBILE,9,10,1,AUTOMOBILE_a metano,5,13.0,0.15625,2,41,0.0,0.02927392385067043,0.0996081098079092,False,many_exemplars,20,6.457364082336426,11.367765426635742
209,VEHICLES,car,AUTOMOBILE,9,10,1,AUTOMOBILE_coupé,7,3.857142857142857,0.21875,2,8,0.0,0.08677722677579128,0.09754831241710406,False,many_exemplars,20,6.020040988922119,9.849530220031738
220,VEHICLES,car,AUTOMOBILE,9,10,1,AUTOMOBILE_station wagon,7,5.714285714285714,0.21875,2,11,0.0,0.06187180311885637,0.0928765869046646,False,many_exemplars,20,5.925934314727783,9.365058898925781
215,VEHICLES,car,AUTOMOBILE,9,10,1,AUTOMOBILE_fuoristrada,7,5.0,0.21875,1,8,0.03125,0.06912123403327199,0.07776892828520297,False,many_exemplars,20,5.6932597160339355,8.466836929321289
205,VEHICLES,car,AUTOMOBILE,9,10,1,AUTOMOBILE_a gpl,4,14.75,0.125,3,39,0.0,0.00820652277867856,0.07140898119057353,False,many_exemplars,20,6.348067760467529,11.273752212524414
212,VEHICLES,car,AUTOMOBILE,9,10,1,AUTOMOBILE_decappottabile,8,4.75,0.25,2,7,0.0,0.08140560991729456,0.06905186769574388,False,many_exemplars,20,6.1575517654418945,11.158000946044922
210,VEHICLES,car,AUTOMOBILE,9,10,1,AUTOMOBILE_crossover,5,6.2,0.15625,3,12,0.0,0.01904478332531399,0.06236286496857209,False,many_exemplars,20,6.301120758056641,8.658161163330078
217,VEHICLES,car,AUTOMOBILE,9,10,1,AUTOMOBILE_limousine,5,6.0,0.15625,2,11,0.0,0.02694321778914005,0.06233672407662037,False,many_exemplars,20,5.9539666175842285,8.953720092773438
214,VEHICLES,car,AUTOMOBILE,9,10,1,AUTOMOBILE_familiare,4,3.25,0.125,1,6,0.03125,0.04541461054740227,0.05929052893411976,False,many_exemplars,20,6.261622905731201,9.96804428100586
223,ANIMALS,cock,GALLO,73,8,12,GALLO_cedrone,17,1.058823529411765,0.53125,1,2,0.5,0.5270657577205459,0.5031330888663376,False,few_exemplars,2,6.203991889953613,10.834549903869629
224,ANIMALS,cock,GALLO,73,8,12,GALLO_nero,5,2.0,0.15625,1,3,0.03125,0.09389848049374752,0.06406778599562386,False,few_exemplars,2,6.060822010040283,11.13826847076416
227,BODY PARTS,brain,CERVELLO,36,5,1,CERVELLO_umano,15,1.4,0.46875,1,4,0.375,0.4431040497273488,0.3993947796088251,False,few_exemplars,3,6.100462913513184,8.939701080322266
225,BODY PARTS,brain,CERVELLO,36,5,1,CERVELLO_animale,13,2.153846153846154,0.40625,1,4,0.0625,0.3290791354464969,0.1952612866689836,False,few_exemplars,3,6.198563575744629,9.817188262939453
226,BODY PARTS,brain,CERVELLO,36,5,1,CERVELLO_rettiliano,4,1.5,0.125,1,2,0.0625,0.09153493877255696,0.06876617773267524,False,few_exemplars,3,6.1535844802856445,9.932815551757812
230,CLOTHES,waistcoat,GILET,78,2,10,GILET_doppiopetto,12,2.75,0.375,1,8,0.09375,0.2825865675694587,0.2524236184369505,False,few_exemplars,6,5.734297752380371,8.683209419250488
232,CLOTHES,waistcoat,GILET,78,2,10,GILET_monopetto,10,2.3,0.3125,1,7,0.1875,0.2513575983830871,0.2378289576094836,False,few_exemplars,6,6.215965270996094,11.02592658996582
231,CLOTHES,waistcoat,GILET,78,2,10,GILET_elegante,5,1.8,0.15625,1,3,0.0625,0.1075639533435302,0.08542288695252845,False,few_exemplars,6,6.030406951904297,9.447919845581055
229,CLOTHES,waistcoat,GILET,78,2,10,GILET_di lana,4,1.5,0.125,1,2,0.0625,0.09153493877255696,0.06876617773267524,False,few_exemplars,6,6.4129862785339355,10.389026641845703
233,CLOTHES,waistcoat,GILET,78,2,10,GILET_smanicato,5,2.8,0.15625,1,4,0.03125,0.06986524192911894,0.05877786847516278,False,few_exemplars,6,6.097068786621094,9.119656562805176
228,CLOTHES,waistcoat,GILET,78,2,10,GILET_di jeans,4,1.75,0.125,1,2,0.03125,0.07480240815883546,0.04064926659901285,False,few_exemplars,6,6.3188395500183105,10.8132905960083
236,FOODS,cereal,CEREALE,35,12,10,CEREALE_grano,20,2.2,0.625,1,5,0.28125,0.5475684406046537,0.3986747991986371,False,few_exemplars,9,5.798550128936768,10.083553314208984
234,FOODS,cereal,CEREALE,35,12,10,CEREALE_avena,21,3.619047619047619,0.65625,1,9,0.15625,0.4990725797545739,0.3626378344148798,False,few_exemplars,9,5.746514797210693,9.116508483886719
235,FOODS,cereal,CEREALE,35,12,10,CEREALE_farro,19,3.105263157894737,0.59375,1,8,0.125,0.4650320256776683,0.344005268401798,False,few_exemplars,9,5.933551788330078,9.458235740661621
239,FOODS,cereal,CEREALE,35,12,10,CEREALE_orzo,16,3.3125,0.5,1,6,0.125,0.3626557312680729,0.2303526355363171,False,few_exemplars,9,5.959810256958008,10.41068172454834
237,FOODS,cereal,CEREALE,35,12,10,CEREALE_mais,16,3.625,0.5,1,6,0.03125,0.3429688937236672,0.1850684535952332,False,few_exemplars,9,6.08055305480957,10.754446983337402
242,FOODS,cereal,CEREALE,35,12,10,CEREALE_segale,12,4.666666666666667,0.375,2,7,0.0,0.1901855200482657,0.1220792651057326,False,few_exemplars,9,6.220057010650635,9.26109790802002
241,FOODS,cereal,CEREALE,35,12,10,CEREALE_riso,11,3.181818181818182,0.34375,2,5,0.0,0.2158036858559622,0.1207874361305667,False,few_exemplars,9,5.785684585571289,10.078492164611816
240,FOODS,cereal,CEREALE,35,12,10,CEREALE_quinoa,5,3.8,0.15625,2,6,0.0,0.04563305539416847,0.05541319105947915,False,few_exemplars,9,5.854618549346924,9.024818420410156
238,FOODS,cereal,CEREALE,35,12,10,CEREALE_miglio,4,6.25,0.125,2,9,0.0,0.01540735624425933,0.03817407346678982,False,few_exemplars,9,5.888491153717041,9.94094181060791
244,FURNISHINGS/FITTINGS,meter,METRO,105,10,10,METRO_da sartoria,13,1.461538461538462,0.40625,1,4,0.3125,0.3771835172386706,0.3368947796088251,False,few_exemplars,3,6.24989128112793,11.15092658996582
243,FURNISHINGS/FITTINGS,meter,METRO,105,10,10,METRO_a nastro,12,2.25,0.375,2,3,0.0,0.2898944029182811,0.0984533579868716,False,few_exemplars,3,6.295258045196533,10.665367126464844
245,FURNISHINGS/FITTINGS,meter,METRO,105,10,10,METRO_laser,4,2.0,0.125,1,4,0.0625,0.0801505582526161,0.0801505582526161,False,few_exemplars,3,6.309726715087891,10.264206886291504
246,FURNITURE,dresser,COMÒ,45,4,3,COMÒ_a cassetti,9,1.333333333333333,0.28125,1,2,0.1875,0.2578253031347796,0.1968992665990129,False,few_exemplars,3,6.364932537078857,11.500495910644531
248,FURNITURE,dresser,COMÒ,45,4,3,COMÒ_di legno,8,1.5,0.25,1,3,0.1875,0.2198956352623817,0.1937661777326752,False,few_exemplars,3,6.388582229614258,11.959817886352539
247,FURNITURE,dresser,COMÒ,45,4,3,COMÒ_comodino,10,1.7,0.3125,1,3,0.125,0.2647581023074352,0.1776075840818147,False,few_exemplars,3,6.126829147338867,11.032905578613281
252,HOBBIES,computer,COMPUTER,47,8,2,COMPUTER_portatile,40,1.95,1.25,1,6,0.625,1.185146929309345,0.9189882967231708,False,few_exemplars,4,6.153981685638428,11.170565605163574
249,HOBBIES,computer,COMPUTER,47,8,2,COMPUTER_fisso,29,1.896551724137931,0.90625,1,4,0.21875,0.8431329094786516,0.5112034499180469,False,few_exemplars,4,6.145755767822266,11.152593612670898
251,HOBBIES,computer,COMPUTER,47,8,2,COMPUTER_pc,4,2.25,0.125,1,5,0.0625,0.07847297408072797,0.08321761601655499,False,few_exemplars,4,6.020867824554443,10.434835433959961
250,HOBBIES,computer,COMPUTER,47,8,2,COMPUTER_mini,5,3.8,0.15625,3,6,0.0,0.03701560935668237,0.04835607875112821,False,few_exemplars,4,6.260563373565674,10.876097679138184
253,HOUSING BUILDINGS,living room,SOGGIORNO,159,14,1,SOGGIORNO_open space,6,2.0,0.1875,1,4,0.125,0.1407236595662348,0.1312661777326752,False,few_exemplars,2,6.217539310455322,10.072080612182617
254,HOUSING BUILDINGS,living room,SOGGIORNO,159,14,1,SOGGIORNO_salotto,4,1.5,0.125,1,2,0.0625,0.09153493877255696,0.06876617773267524,False,few_exemplars,2,5.8395843505859375,9.325403213500977
258,KITCHENWARE,colander,SCOLAPASTA,151,12,7,SCOLAPASTA_di plastica,20,1.6,0.625,1,4,0.40625,0.5849961274902714,0.4773302766339982,False,few_exemplars,6,6.026553630828857,9.333517074584961
256,KITCHENWARE,colander,SCOLAPASTA,151,12,7,SCOLAPASTA_di acciaio,17,1.88235294117647,0.53125,1,3,0.15625,0.4701671226196922,0.2547033579868716,False,few_exemplars,6,5.966632843017578,9.24931526184082
257,KITCHENWARE,colander,SCOLAPASTA,151,12,7,SCOLAPASTA_di metallo,5,1.6,0.15625,1,2,0.0625,0.1152535814506521,0.07189926659901286,False,few_exemplars,6,6.190127372741699,9.333640098571777
255,KITCHENWARE,colander,SCOLAPASTA,151,12,7,SCOLAPASTA_con manico,4,4.25,0.125,2,9,0.0,0.03223581944419265,0.06320742111427916,False,few_exemplars,6,6.166378021240234,9.27808666229248
259,KITCHENWARE,colander,SCOLAPASTA,151,12,7,SCOLAPASTA_di silicone,5,2.6,0.15625,2,4,0.0,0.06821638836165059,0.05342971838138213,False,few_exemplars,6,6.185582637786865,9.286273956298828
260,KITCHENWARE,colander,SCOLAPASTA,151,12,7,SCOLAPASTA_pieghevole,6,3.5,0.1875,2,5,0.0,0.06532175812194962,0.05164322983855197,False,few_exemplars,6,5.687819480895996,8.283275604248047
261,PLANTS,sunflower,GIRASOLE,82,2,12,GIRASOLE_giallo,8,1.125,0.25,1,2,0.21875,0.2412484844150604,0.2218830888663376,False,few_exemplars,1,5.767560958862305,10.35279655456543
263,STATIONERY,stapler,SPILLATRICE,162,1,1,SPILLATRICE_tascabile,6,1.833333333333333,0.1875,1,4,0.09375,0.1410670576273003,0.1259180276388946,False,few_exemplars,2,6.144861221313477,9.776026725769043
262,STATIONERY,stapler,SPILLATRICE,162,1,1,SPILLATRICE_manuale,5,1.6,0.15625,1,2,0.0625,0.1152535814506521,0.07189926659901286,False,few_exemplars,2,6.198901176452637,10.6847505569458
264,VEHICLES,van,FURGONE,72,3,5,FURGONE_camperizzato,9,2.666666666666667,0.28125,1,7,0.125,0.1990736289230264,0.1852118010636614,False,few_exemplars,2,6.01120662689209,9.170358657836914
265,VEHICLES,van,FURGONE,72,3,5,FURGONE_van,4,1.25,0.125,1,2,0.09375,0.1082674693862785,0.09688308886633762,False,few_exemplars,2,5.990019798278809,10.110986709594727
267,ANIMALS,bear,ORSO,116,1,7,ORSO_bruno,31,1.548387096774194,0.96875,1,3,0.53125,0.930053595741788,0.6494931560730623,False,medium_exemplars,8,5.898056983947754,11.983000755310059
273,ANIMALS,bear,ORSO,116,1,7,ORSO_polare,21,2.380952380952381,0.65625,1,6,0.21875,0.5661520206644121,0.4063752479956023,False,medium_exemplars,8,6.1674346923828125,10.70159912109375
266,ANIMALS,bear,ORSO,116,1,7,ORSO_bianco,14,2.285714285714286,0.4375,1,7,0.0625,0.3570733901130962,0.2931460789381936,False,medium_exemplars,8,5.938493728637695,10.730018615722656
268,ANIMALS,bear,ORSO,116,1,7,ORSO_grizzly,16,2.5625,0.5,1,5,0.125,0.4002464880877206,0.2532840524849952,False,medium_exemplars,8,5.943991184234619,8.862603187561035
270,ANIMALS,bear,ORSO,116,1,7,ORSO_nero,7,4.285714285714286,0.21875,3,6,0.0,0.06690994417719644,0.05369027763203709,False,medium_exemplars,8,6.073589324951172,11.123896598815918
269,ANIMALS,bear,ORSO,116,1,7,ORSO_marsicano,5,3.6,0.15625,2,5,0.0,0.04174833079545655,0.04174833079545655,False,medium_exemplars,8,6.000073432922363,9.874248504638672
272,ANIMALS,bear,ORSO,116,1,7,ORSO_panda,4,4.75,0.125,4,6,0.0,0.008397850262108876,0.02381979299841367,False,medium_exemplars,8,5.799706935882568,8.975529670715332
271,ANIMALS,bear,ORSO,116,1,7,ORSO_orsetto lavatore,4,4.25,0.125,3,5,0.0,0.01278831961144564,0.02172898464367373,False,medium_exemplars,8,5.898219108581543,8.504443168640137
275,BODY PARTS,head,TESTA,173,2,1,TESTA_grande,7,2.0,0.21875,1,7,0.15625,0.1806826409348954,0.1806826409348954,False,medium_exemplars,7,6.169388771057129,11.44494915008545
276,BODY PARTS,head,TESTA,173,2,1,TESTA_ovale,6,2.166666666666667,0.1875,1,3,0.0625,0.1195887740237646,0.08179416564210827,False,medium_exemplars,7,6.248018741607666,10.49458122253418
280,BODY PARTS,head,TESTA,173,2,1,TESTA_rotonda,5,2.2,0.15625,1,4,0.03125,0.08957148931855517,0.07793549702517308,False,medium_exemplars,7,6.336170673370361,10.746466636657715
274,BODY PARTS,head,TESTA,173,2,1,TESTA_dura,5,1.6,0.15625,1,2,0.0625,0.1152535814506521,0.07189926659901286,False,medium_exemplars,7,6.15577507019043,11.76424789428711
279,BODY PARTS,head,TESTA,173,2,1,TESTA_quadrata,4,2.5,0.125,1,5,0.03125,0.06174044346700645,0.06955214316677236,False,medium_exemplars,7,6.1543192863464355,11.373339653015137
277,BODY PARTS,head,TESTA,173,2,1,TESTA_pelata,4,2.0,0.125,1,3,0.0625,0.07598844271241811,0.06876617773267524,False,medium_exemplars,7,6.420464992523193,11.738038063049316
278,BODY PARTS,head,TESTA,173,2,1,TESTA_piccola,5,2.2,0.15625,2,3,0.0,0.08023300764396488,0.04271268503871928,False,medium_exemplars,7,6.136277198791504,10.935897827148438
283,CLOTHES,t-shirts,T-SHIRT,163,10,7,T-SHIRT_a maniche corte,15,2.066666666666667,0.46875,1,5,0.21875,0.4016886550957593,0.3132519122461087,False,medium_exemplars,12,6.158083438873291,10.21537971496582
284,CLOTHES,t-shirts,T-SHIRT,163,10,7,T-SHIRT_a maniche lunghe,16,2.375,0.5,1,6,0.09375,0.4114462516164842,0.2999269901278597,False,medium_exemplars,12,6.193988800048828,10.010602951049805
288,CLOTHES,t-shirts,T-SHIRT,163,10,7,T-SHIRT_con scollo a v,14,3.142857142857143,0.4375,1,7,0.125,0.3158618898656998,0.2411084161214442,False,medium_exemplars,12,6.249477863311768,9.6095609664917
285,CLOTHES,t-shirts,T-SHIRT,163,10,7,T-SHIRT_bianca,6,3.166666666666667,0.1875,1,9,0.09375,0.1148537677806093,0.1276584128413102,False,medium_exemplars,12,5.905625820159912,9.583887100219727
286,CLOTHES,t-shirts,T-SHIRT,163,10,7,T-SHIRT_colorata,9,4.0,0.28125,2,8,0.0,0.1357855398664617,0.1245900448510315,False,medium_exemplars,12,6.301881313323975,10.678236961364746
292,CLOTHES,t-shirts,T-SHIRT,163,10,7,T-SHIRT_polo,7,4.714285714285714,0.21875,1,8,0.0625,0.09001588018719149,0.09657909878941068,False,medium_exemplars,12,5.970160007476807,10.552498817443848
282,CLOTHES,t-shirts,T-SHIRT,163,10,7,T-SHIRT_a girocollo,5,2.8,0.15625,1,5,0.03125,0.07175741410274582,0.07175741410274582,False,medium_exemplars,12,5.789713382720947,9.928387641906738
289,CLOTHES,t-shirts,T-SHIRT,163,10,7,T-SHIRT_con stampa,5,3.8,0.15625,2,7,0.0,0.0439342842411259,0.06336247875054775,False,medium_exemplars,12,6.1609930992126465,10.078351974487305
290,CLOTHES,t-shirts,T-SHIRT,163,10,7,T-SHIRT_in cotone,4,5.75,0.125,1,9,0.03125,0.03230807950730202,0.04737352233097376,False,medium_exemplars,12,6.232466697692871,12.297492980957031
287,CLOTHES,t-shirts,T-SHIRT,163,10,7,T-SHIRT_con maniche a tre quarti,4,3.5,0.125,2,5,0.0,0.02585028430327464,0.03618042292755348,False,medium_exemplars,12,6.189897537231445,9.597297668457031
291,CLOTHES,t-shirts,T-SHIRT,163,10,7,T-SHIRT_oversize,4,4.75,0.125,3,6,0.0,0.01033139858009218,0.02551289803191123,False,medium_exemplars,12,5.9289445877075195,8.911823272705078
281,CLOTHES,t-shirts,T-SHIRT,163,10,7,T-SHIRT_a collo alto,5,6.0,0.15625,4,7,0.0,0.01107801886051841,0.0253546059878317,False,medium_exemplars,12,6.122150897979736,11.39758586883545
297,FOODS,salad,INSALATA,88,2,3,INSALATA_iceberg,18,3.166666666666667,0.5625,1,7,0.1875,0.4366264608080093,0.3219548109734636,False,medium_exemplars,17,5.717751502990723,9.460731506347656
306,FOODS,salad,INSALATA,88,2,3,INSALATA_russa,11,4.181818181818182,0.34375,1,17,0.21875,0.2511385986900265,0.2661227980931344,False,medium_exemplars,17,6.084964275360107,9.930410385131836
300,FOODS,salad,INSALATA,88,2,3,INSALATA_mista,10,3.4,0.3125,1,15,0.125,0.2220580219566615,0.2418427039059748,False,medium_exemplars,17,6.10427188873291,10.079607963562012
299,FOODS,salad,INSALATA,88,2,3,INSALATA_lattuga,14,3.0,0.4375,1,7,0.0625,0.3173705778050909,0.2339633014717857,False,medium_exemplars,17,5.555513381958008,9.00645923614502
305,FOODS,salad,INSALATA,88,2,3,INSALATA_rucola,17,4.588235294117647,0.53125,1,9,0.03125,0.3284699962567059,0.2175881395164162,False,medium_exemplars,17,5.507575988769531,8.884407043457031
303,FOODS,salad,INSALATA,88,2,3,INSALATA_riccia,10,3.3,0.3125,1,8,0.03125,0.19399882969029,0.1744788863037898,False,medium_exemplars,17,5.870139122009277,10.288451194763184
298,FOODS,salad,INSALATA,88,2,3,INSALATA_indivia,8,4.875,0.25,3,12,0.0,0.09330811716785004,0.1277039707154858,False,medium_exemplars,17,5.90364408493042,8.72702693939209
293,FOODS,salad,INSALATA,88,2,3,INSALATA_caesar salad,5,5.8,0.15625,2,20,0.0,0.06264904307182796,0.1107248240778972,False,medium_exemplars,17,5.744527816772461,8.41014575958252
304,FOODS,salad,INSALATA,88,2,3,INSALATA_romana,8,2.875,0.25,1,5,0.03125,0.1448978823171861,0.1048047481639617,False,medium_exemplars,17,5.85795783996582,10.362013816833496
302,FOODS,salad,INSALATA,88,2,3,INSALATA_radicchio,8,5.875,0.25,2,11,0.0,0.06734319699006772,0.09458024219670227,False,medium_exemplars,17,5.550327777862549,8.73731803894043
296,FOODS,salad,INSALATA,88,2,3,INSALATA_greca,4,7.75,0.125,1,21,0.03125,0.04608159610294174,0.07791253302174034,False,medium_exemplars,17,6.281332969665527,10.540109634399414
295,FOODS,salad,INSALATA,88,2,3,INSALATA_di riso,5,7.8,0.15625,2,16,0.0,0.03307066674787411,0.07692258146002014,False,medium_exemplars,17,6.0034074783325195,11.399889945983887
309,FOODS,salad,INSALATA,88,2,3,INSALATA_valeriana,9,4.888888888888889,0.28125,2,7,0.0,0.1010188500955614,0.07512052495807113,False,medium_exemplars,17,5.864658832550049,10.813838958740234
294,FOODS,salad,INSALATA,88,2,3,INSALATA_di pollo,4,5.25,0.125,2,12,0.0,0.03049724019501952,0.06738078227918563,False,medium_exemplars,17,6.0549798011779785,10.382477760314941
301,FOODS,salad,INSALATA,88,2,3,INSALATA_misticanza,4,6.75,0.125,1,11,0.03125,0.03275162848322139,0.05078011457851115,False,medium_exemplars,17,5.68887996673584,8.717222213745117
307,FOODS,salad,INSALATA,88,2,3,INSALATA_scarola,5,4.6,0.15625,4,7,0.0,0.02326368260842693,0.04271268503871928,False,medium_exemplars,17,5.871212959289551,8.856247901916504
308,FOODS,salad,INSALATA,88,2,3,INSALATA_songino,5,4.8,0.15625,4,5,0.0,0.01810026333325354,0.01810026333325354,False,medium_exemplars,17,6.428950309753418,9.519797325134277
310,FURNISHINGS/FITTINGS,picture,QUADRO,138,8,8,QUADRO_astratto,9,2.888888888888889,0.28125,1,7,0.125,0.190286168272102,0.1759666603772952,False,medium_exemplars,8,5.827900409698486,11.124444007873535
313,FURNISHINGS/FITTINGS,picture,QUADRO,138,8,8,QUADRO_elettrico,7,1.285714285714286,0.21875,1,2,0.15625,0.1988491041371155,0.1625161777326752,False,medium_exemplars,8,5.880518913269043,10.473800659179688
316,FURNISHINGS/FITTINGS,picture,QUADRO,138,8,8,QUADRO_ritratto,9,3.555555555555556,0.28125,1,8,0.0625,0.1675602793685418,0.1595849172199899,False,medium_exemplars,8,5.65186882019043,9.341113090515137
312,FURNISHINGS/FITTINGS,picture,QUADRO,138,8,8,QUADRO_dipinto,6,1.5,0.1875,1,2,0.09375,0.1529328417662743,0.1031492665990129,False,medium_exemplars,8,5.8231306076049805,9.444694519042969
314,FURNISHINGS/FITTINGS,picture,QUADRO,138,8,8,QUADRO_natura morta,5,5.2,0.15625,2,10,0.0,0.03255227619770448,0.06603200125148909,False,medium_exemplars,8,5.655365467071533,8.923555374145508
311,FURNISHINGS/FITTINGS,picture,QUADRO,138,8,8,QUADRO_con cornice,5,3.0,0.15625,1,5,0.03125,0.06406778599562386,0.06406778599562386,False,medium_exemplars,8,6.207163333892822,10.159936904907227
317,FURNISHINGS/FITTINGS,picture,QUADRO,138,8,8,QUADRO_su tela,5,3.6,0.15625,1,6,0.03125,0.05404371913839461,0.06256046846646347,False,medium_exemplars,8,6.140558242797852,10.688915252685547
315,FURNISHINGS/FITTINGS,picture,QUADRO,138,8,8,QUADRO_paesaggistico,5,4.2,0.15625,3,7,0.0,0.03380983713243849,0.05342971838138213,False,medium_exemplars,8,5.642852306365967,10.226318359375
325,FURNITURE,bed,LETTO,94,12,1,LETTO_matrimoniale,36,3.194444444444445,1.125,1,10,0.25,0.9839974003409944,0.7306357997419775,False,medium_exemplars,9,6.317146301269531,10.50970458984375
326,FURNITURE,bed,LETTO,94,12,1,LETTO_singolo,29,3.034482758620689,0.90625,1,10,0.1875,0.7777309394725676,0.60348457962823,False,medium_exemplars,9,6.314914703369141,11.25801944732666
319,FURNITURE,bed,LETTO,94,12,1,LETTO_a castello,21,3.238095238095238,0.65625,1,10,0.3125,0.529366354474523,0.4452955148868213,False,medium_exemplars,9,6.07312536239624,11.726778984069824
320,FURNITURE,bed,LETTO,94,12,1,LETTO_a una piazza e mezza,18,4.166666666666667,0.5625,2,11,0.0,0.3787110270249397,0.2957201622738703,False,medium_exemplars,9,6.041752338409424,10.420112609863281
318,FURNITURE,bed,LETTO,94,12,1,LETTO_a baldacchino,5,4.0,0.15625,1,8,0.0625,0.07038914423218719,0.08333931338116667,False,medium_exemplars,9,6.000473976135254,9.980498313903809
324,FURNITURE,bed,LETTO,94,12,1,LETTO_king size,7,4.428571428571429,0.21875,2,7,0.0,0.07008089436960427,0.07008089436960427,False,medium_exemplars,9,6.219827175140381,10.009143829345703
322,FURNITURE,bed,LETTO,94,12,1,LETTO_alla francese,6,3.333333333333333,0.1875,2,5,0.0,0.07259565201015,0.05933285794567392,False,medium_exemplars,9,6.257816314697266,9.361344337463379
321,FURNITURE,bed,LETTO,94,12,1,LETTO_ad acqua,5,4.4,0.15625,2,7,0.0,0.03473765506280264,0.05243855303359197,False,medium_exemplars,9,6.404102802276611,10.349349021911621
323,FURNITURE,bed,LETTO,94,12,1,LETTO_divano,7,5.0,0.21875,4,7,0.0,0.04989977237736468,0.04989977237736468,False,medium_exemplars,9,6.1224045753479,11.08012580871582
330,HOBBIES,reader,LETTORE,95,2,11,LETTORE_cd,16,1.9375,0.5,1,5,0.25,0.4398747807042659,0.348828903421301,False,medium_exemplars,10,6.254665851593018,10.851926803588867
334,HOBBIES,reader,LETTORE,95,2,11,LETTORE_dvd,17,2.352941176470588,0.53125,1,4,0.125,0.4425558977611891,0.252643083881718,False,medium_exemplars,10,5.98415994644165,10.46031665802002
335,HOBBIES,reader,LETTORE,95,2,11,LETTORE_mp3,8,2.875,0.25,1,5,0.0625,0.1473487311182563,0.1107805929066224,False,medium_exemplars,10,6.077557563781738,10.297273635864258
328,HOBBIES,reader,LETTORE,95,2,11,LETTORE_attento,5,1.8,0.15625,1,3,0.09375,0.1135397980861908,0.1000161777326752,False,medium_exemplars,10,6.198319435119629,10.847116470336914
336,HOBBIES,reader,LETTORE,95,2,11,LETTORE_usb,4,1.5,0.125,1,3,0.09375,0.1004942213562091,0.09688308886633762,False,medium_exemplars,10,6.1493401527404785,10.63023853302002
332,HOBBIES,reader,LETTORE,95,2,11,LETTORE_di libri,4,4.25,0.125,1,12,0.0625,0.06925101808422213,0.08620316815017631,False,medium_exemplars,10,6.1745805740356445,11.403712272644043
327,HOBBIES,reader,LETTORE,95,2,11,LETTORE_assiduo,4,2.25,0.125,1,3,0.03125,0.0592559120986966,0.04741107677577065,False,medium_exemplars,10,6.200599670410156,11.155810356140137
333,HOBBIES,reader,LETTORE,95,2,11,LETTORE_distratto,4,3.0,0.125,2,4,0.0,0.0353011165052322,0.0353011165052322,False,medium_exemplars,10,6.080418586730957,9.851542472839355
329,HOBBIES,reader,LETTORE,95,2,11,LETTORE_blu-ray,5,4.0,0.15625,3,5,0.0,0.03162388368676914,0.03162388368676914,False,medium_exemplars,10,6.0004777908325195,9.747425079345703
331,HOBBIES,reader,LETTORE,95,2,11,LETTORE_di codici a barre,4,5.5,0.125,4,7,0.0,0.005578881262791058,0.02436897387167261,False,medium_exemplars,10,5.994796276092529,10.174661636352539
340,HOUSING BUILDINGS,ceiling,SOFFITTO,158,8,5,SOFFITTO_alto,11,1.727272727272727,0.34375,1,4,0.21875,0.2997568544730869,0.2540511165052322,False,medium_exemplars,8,6.188992977142334,9.679574012756348
338,HOUSING BUILDINGS,ceiling,SOFFITTO,158,8,5,SOFFITTO_a cupola,8,2.75,0.25,1,7,0.125,0.1688729093223844,0.1624403563388069,False,medium_exemplars,8,5.890565872192383,9.81042194366455
344,HOUSING BUILDINGS,ceiling,SOFFITTO,158,8,5,SOFFITTO_di legno,8,3.25,0.25,1,7,0.0625,0.1457528164252006,0.1372413260388576,False,medium_exemplars,8,6.103419780731201,9.968295097351074
343,HOUSING BUILDINGS,ceiling,SOFFITTO,158,8,5,SOFFITTO_contro,8,2.25,0.25,1,4,0.0625,0.175817223902375,0.1268360552777892,False,medium_exemplars,8,6.3114752769470215,10.984746932983398
339,HOUSING BUILDINGS,ceiling,SOFFITTO,158,8,5,SOFFITTO_a volta,7,2.142857142857143,0.21875,1,4,0.0625,0.1508110246350471,0.1159297183813821,False,medium_exemplars,8,5.982699394226074,10.739947319030762
337,HOUSING BUILDINGS,ceiling,SOFFITTO,158,8,5,SOFFITTO_a cassettoni,6,2.5,0.1875,1,5,0.03125,0.1078496063660067,0.09703156936008513,False,medium_exemplars,8,5.874418258666992,9.761234283447266
341,HOUSING BUILDINGS,ceiling,SOFFITTO,158,8,5,SOFFITTO_basso,6,2.166666666666667,0.1875,1,3,0.03125,0.1153402818340564,0.06720087486196148,False,medium_exemplars,8,6.089779853820801,9.244830131530762
342,HOUSING BUILDINGS,ceiling,SOFFITTO,158,8,5,SOFFITTO_con travi,4,3.25,0.125,2,6,0.0,0.03645532796375018,0.05504203674441156,False,medium_exemplars,8,6.451028347015381,10.69241714477539
345,KITCHENWARE,pot,PENTOLA,127,7,11,PENTOLA_a pressione,20,1.5,0.625,1,4,0.46875,0.5917620179191314,0.5066332223212432,False,medium_exemplars,10,6.19858455657959,12.124957084655762
347,KITCHENWARE,pot,PENTOLA,127,7,11,PENTOLA_antiaderente,8,4.125,0.25,1,11,0.09375,0.1469011024890801,0.161057435703255,False,medium_exemplars,10,6.117413520812988,9.875815391540527
353,KITCHENWARE,pot,PENTOLA,127,7,11,PENTOLA_pentolino,8,4.125,0.25,2,9,0.0,0.1090161437613677,0.1189897978362021,False,medium_exemplars,10,5.835424423217773,10.971632957458496
352,KITCHENWARE,pot,PENTOLA,127,7,11,PENTOLA_padella,8,1.875,0.25,1,3,0.0625,0.1911902397064926,0.1151075840818147,False,medium_exemplars,10,5.963564872741699,10.349321365356445
349,KITCHENWARE,pot,PENTOLA,127,7,11,PENTOLA_di acciaio,6,3.166666666666667,0.1875,1,6,0.03125,0.09125508131025284,0.09125508131025284,False,medium_exemplars,10,6.148368835449219,10.19754695892334
354,KITCHENWARE,pot,PENTOLA,127,7,11,PENTOLA_wok,4,3.25,0.125,1,9,0.0625,0.07708526119157655,0.0890748565779308,False,medium_exemplars,10,5.910288333892822,9.738336563110352
350,KITCHENWARE,pot,PENTOLA,127,7,11,PENTOLA_di rame,6,3.5,0.1875,1,6,0.03125,0.0793892971712788,0.0793892971712788,False,medium_exemplars,10,6.326478004455566,11.013900756835938
351,KITCHENWARE,pot,PENTOLA,127,7,11,PENTOLA_di terracotta,5,6.0,0.15625,2,11,0.0,0.02956299036683296,0.06341353743289302,False,medium_exemplars,10,6.035981178283691,10.387292861938477
348,KITCHENWARE,pot,PENTOLA,127,7,11,PENTOLA_casseruola,4,2.5,0.125,1,4,0.03125,0.05564477960882516,0.05564477960882516,False,medium_exemplars,10,5.740834712982178,8.897873878479004
346,KITCHENWARE,pot,PENTOLA,127,7,11,PENTOLA_alta,4,3.75,0.125,2,5,0.0,0.0241727001313865,0.03374560392598801,False,medium_exemplars,10,6.184097766876221,10.351564407348633
358,PLANTS,fir,ABETE,1,9,5,ABETE_rosso,12,1.583333333333333,0.375,1,4,0.25,0.3379666186026394,0.2889122489951036,False,medium_exemplars,4,6.160800933837891,11.660734176635742
356,PLANTS,fir,ABETE,1,9,5,ABETE_bianco,13,1.615384615384615,0.40625,1,3,0.1875,0.3635961801879308,0.2500024831249101,False,medium_exemplars,4,6.010290145874023,11.098569869995117
357,PLANTS,fir,ABETE,1,9,5,ABETE_di natale,8,1.125,0.25,1,2,0.21875,0.2412484844150604,0.2218830888663376,False,medium_exemplars,4,5.771881580352783,10.529696464538574
355,PLANTS,fir,ABETE,1,9,5,ABETE_albero,4,1.5,0.125,1,3,0.09375,0.1004942213562091,0.09688308886633762,False,medium_exemplars,4,5.999562740325928,10.137681007385254
366,STATIONERY,ruler,RIGHELLO,141,8,11,RIGHELLO_squadra,14,2.5,0.4375,1,8,0.09375,0.3483393022453133,0.2984297581552085,False,medium_exemplars,8,5.946308612823486,10.798186302185059
365,STATIONERY,ruler,RIGHELLO,141,8,11,RIGHELLO_riga,9,1.777777777777778,0.28125,1,3,0.15625,0.2324453491622453,0.1755441656421083,False,medium_exemplars,8,6.207942962646484,11.842535018920898
361,STATIONERY,ruler,RIGHELLO,141,8,11,RIGHELLO_di plastica,8,2.625,0.25,1,6,0.125,0.1757854648337757,0.1634475116886577,False,medium_exemplars,8,6.070048809051514,10.50662899017334
362,STATIONERY,ruler,RIGHELLO,141,8,11,RIGHELLO_goniometro,7,1.857142857142857,0.21875,1,3,0.09375,0.1653840429096725,0.1198059758188661,False,medium_exemplars,8,5.553765296936035,9.904592514038086
360,STATIONERY,ruler,RIGHELLO,141,8,11,RIGHELLO_di metallo,4,3.25,0.125,2,7,0.0,0.04386652802585525,0.06703174507201087,False,medium_exemplars,8,6.23140287399292,10.689865112304688
359,STATIONERY,ruler,RIGHELLO,141,8,11,RIGHELLO_corto,4,2.25,0.125,1,4,0.03125,0.06341802763889459,0.06341802763889459,False,medium_exemplars,8,5.9741740226745605,11.312060356140137
364,STATIONERY,ruler,RIGHELLO,141,8,11,RIGHELLO_metro,4,2.25,0.125,1,4,0.03125,0.06341802763889459,0.06341802763889459,False,medium_exemplars,8,6.289791584014893,10.782458305358887
363,STATIONERY,ruler,RIGHELLO,141,8,11,RIGHELLO_lungo,5,2.2,0.15625,1,3,0.03125,0.08620885238662557,0.05730597581886607,False,medium_exemplars,8,5.917088985443115,10.437621116638184
374,VEHICLES,train,TRENO,180,14,8,TRENO_regionale,23,2.478260869565217,0.71875,1,7,0.3125,0.624171962803384,0.4771433574634362,False,medium_exemplars,8,6.221619129180908,11.659981727600098
368,VEHICLES,train,TRENO,180,14,8,TRENO_ad alta velocità,16,2.5625,0.5,1,8,0.09375,0.4038012569673981,0.3308253934175902,False,medium_exemplars,8,5.614203453063965,8.296807289123535
367,VEHICLES,train,TRENO,180,14,8,TRENO_a vapore,11,2.272727272727273,0.34375,1,7,0.21875,0.2795689770535519,0.2598217613341998,False,medium_exemplars,8,6.082179546356201,12.016053199768066
372,VEHICLES,train,TRENO,180,14,8,TRENO_merci,12,4.416666666666667,0.375,1,8,0.03125,0.1987330721221746,0.1478285747545072,False,medium_exemplars,8,6.276738166809082,11.259719848632812
370,VEHICLES,train,TRENO,180,14,8,TRENO_frecciarossa,7,2.857142857142857,0.21875,1,5,0.0625,0.1248510408972361,0.1042483307954566,False,medium_exemplars,8,5.755866050720215,8.443855285644531
371,VEHICLES,train,TRENO,180,14,8,TRENO_intercity,8,3.625,0.25,1,6,0.03125,0.11937163027564,0.09511295673751358,False,medium_exemplars,8,5.994915962219238,10.00838851928711
369,VEHICLES,train,TRENO,180,14,8,TRENO_elettrico,6,3.833333333333333,0.1875,2,7,0.0,0.07215562817696809,0.08152340872113681,False,medium_exemplars,8,5.815108299255371,9.227187156677246
373,VEHICLES,train,TRENO,180,14,8,TRENO_notturno,6,4.166666666666667,0.1875,2,7,0.0,0.05484590584929733,0.06548412976357373,False,medium_exemplars,8,5.982962131500244,10.475120544433594
